fuel_id,date,car_id,litres,cost
FUL300000,2025-07-11,CAR200,32.1,725.44
FUL300001,2025-07-25,CAR200,58.0,1403.43
FUL300002,2025-08-08,CAR200,37.4,896.52
FUL300003,2025-08-22,CAR200,42.0,994.23
FUL300004,2025-09-05,CAR200,35.8,803.9
FUL300005,2025-09-19,CAR200,68.6,1679.86
FUL300006,2025-10-03,CAR200,60.8,1352.01
FUL300007,2025-07-11,CAR201,61.8,1397.75
FUL300008,2025-07-25,CAR201,67.6,1508.64
FUL300009,2025-08-08,CAR201,58.5,1359.25
FUL300010,2025-08-22,CAR201,60.4,1562.85
FUL300011,2025-09-05,CAR201,43.1,1096.66
FUL300012,2025-09-19,CAR201,69.8,1702.31
FUL300013,2025-10-03,CAR201,51.7,1170.16
FUL300014,2025-07-11,CAR202,35.1,844.38
FUL300015,2025-07-25,CAR202,64.2,1523.37
FUL300016,2025-08-08,CAR202,67.4,1658.48
FUL300017,2025-08-22,CAR202,56.0,1339.85
FUL300018,2025-09-05,CAR202,45.7,1113.54
FUL300019,2025-09-19,CAR202,53.0,1192.52
FUL300020,2025-10-03,CAR202,42.2,946.25
FUL300021,2025-07-11,CAR203,66.3,1700.01
FUL300022,2025-07-25,CAR203,61.4,1467.18
FUL300023,2025-08-08,CAR203,48.3,1133.15
FUL300024,2025-08-22,CAR203,49.3,1181.96
FUL300025,2025-09-05,CAR203,57.0,1440.28
FUL300026,2025-09-19,CAR203,53.8,1342.95
FUL300027,2025-10-03,CAR203,33.6,756.65
FUL300028,2025-07-11,CAR204,41.9,1046.42
FUL300029,2025-07-25,CAR204,37.8,837.99
FUL300030,2025-08-08,CAR204,51.3,1288.86
FUL300031,2025-08-22,CAR204,38.5,969.87
FUL300032,2025-09-05,CAR204,42.5,1078.62
FUL300033,2025-09-19,CAR204,63.2,1410.21
FUL300034,2025-10-03,CAR204,43.7,976.99
FUL300035,2025-07-11,CAR205,35.8,838.96
FUL300036,2025-07-25,CAR205,37.9,899.89
FUL300037,2025-08-08,CAR205,30.8,747.1
FUL300038,2025-08-22,CAR205,39.9,993.28
FUL300039,2025-09-05,CAR205,55.7,1284.17
FUL300040,2025-09-19,CAR205,67.5,1558.28
FUL300041,2025-10-03,CAR205,56.3,1312.12
FUL300042,2025-07-11,CAR206,59.3,1312.44
FUL300043,2025-07-25,CAR206,40.9,1002.21
FUL300044,2025-08-08,CAR206,39.6,1023.87
FUL300045,2025-08-22,CAR206,69.7,1751.64
FUL300046,2025-09-05,CAR206,65.8,1622.65
FUL300047,2025-09-19,CAR206,43.3,989.44
FUL300048,2025-10-03,CAR206,67.7,1512.86
FUL300049,2025-07-11,CAR207,48.5,1073.83
FUL300050,2025-07-25,CAR207,34.4,878.09
FUL300051,2025-08-08,CAR207,61.1,1546.28
FUL300052,2025-08-22,CAR207,30.9,774.48
FUL300053,2025-09-05,CAR207,35.5,862.16
FUL300054,2025-09-19,CAR207,69.9,1694.13
FUL300055,2025-10-03,CAR207,67.2,1500.67
FUL300056,2025-07-11,CAR208,35.2,900.75
FUL300057,2025-07-25,CAR208,64.0,1546.87
FUL300058,2025-08-08,CAR208,56.2,1310.72
FUL300059,2025-08-22,CAR208,41.9,971.39
FUL300060,2025-09-05,CAR208,50.7,1237.85
FUL300061,2025-09-19,CAR208,38.3,892.73
FUL300062,2025-10-03,CAR208,39.0,1009.62
FUL300063,2025-07-11,CAR209,69.2,1598.96
FUL300064,2025-07-25,CAR209,68.0,1720.04
FUL300065,2025-08-08,CAR209,37.6,863.4
FUL300066,2025-08-22,CAR209,36.0,917.74
FUL300067,2025-09-05,CAR209,56.6,1461.34
FUL300068,2025-09-19,CAR209,62.3,1507.32
FUL300069,2025-10-03,CAR209,53.3,1367.38
FUL300070,2025-07-11,CAR210,62.9,1413.33
FUL300071,2025-07-25,CAR210,69.2,1602.99
FUL300072,2025-08-08,CAR210,66.6,1528.91
FUL300073,2025-08-22,CAR210,58.0,1470.75
FUL300074,2025-09-05,CAR210,66.9,1532.76
FUL300075,2025-09-19,CAR210,30.9,785.32
FUL300076,2025-10-03,CAR210,46.6,1099.8
FUL300077,2025-07-11,CAR211,55.3,1429.98
FUL300078,2025-07-25,CAR211,54.4,1282.36
FUL300079,2025-08-08,CAR211,51.3,1138.04
FUL300080,2025-08-22,CAR211,66.1,1681.51
FUL300081,2025-09-05,CAR211,57.2,1348.02
FUL300082,2025-09-19,CAR211,43.8,1100.42
FUL300083,2025-10-03,CAR211,63.3,1624.07
FUL300084,2025-07-11,CAR212,66.3,1621.1
FUL300085,2025-07-25,CAR212,69.5,1761.91
FUL300086,2025-08-08,CAR212,58.2,1282.43
FUL300087,2025-08-22,CAR212,40.8,921.19
FUL300088,2025-09-05,CAR212,66.3,1513.75
FUL300089,2025-09-19,CAR212,31.9,770.41
FUL300090,2025-10-03,CAR212,42.7,1109.27
FUL300091,2025-07-11,CAR213,35.6,905.82
FUL300092,2025-07-25,CAR213,60.0,1426.24
FUL300093,2025-08-08,CAR213,54.8,1371.46
FUL300094,2025-08-22,CAR213,39.8,884.98
FUL300095,2025-09-05,CAR213,67.3,1489.48
FUL300096,2025-09-19,CAR213,52.7,1302.77
FUL300097,2025-10-03,CAR213,69.8,1559.82
FUL300098,2025-07-11,CAR214,44.9,1013.35
FUL300099,2025-07-25,CAR214,57.1,1371.14
FUL300100,2025-08-08,CAR214,45.7,1017.74
FUL300101,2025-08-22,CAR214,57.3,1396.1
FUL300102,2025-09-05,CAR214,55.7,1424.03
FUL300103,2025-09-19,CAR214,34.3,835.6
FUL300104,2025-10-03,CAR214,64.4,1428.38
FUL300105,2025-07-11,CAR215,59.8,1451.66
FUL300106,2025-07-25,CAR215,41.7,1067.76
FUL300107,2025-08-08,CAR215,66.2,1706.28
FUL300108,2025-08-22,CAR215,59.8,1399.78
FUL300109,2025-09-05,CAR215,66.2,1535.93
FUL300110,2025-09-19,CAR215,62.7,1583.66
FUL300111,2025-10-03,CAR215,45.2,1085.45
FUL300112,2025-07-11,CAR216,35.9,908.8
FUL300113,2025-07-25,CAR216,69.0,1717.83
FUL300114,2025-08-08,CAR216,56.2,1298.06
FUL300115,2025-08-22,CAR216,57.5,1363.15
FUL300116,2025-09-05,CAR216,36.8,881.9
FUL300117,2025-09-19,CAR216,56.5,1344.72
FUL300118,2025-10-03,CAR216,64.1,1466.73
FUL300119,2025-07-11,CAR217,55.8,1320.79
FUL300120,2025-07-25,CAR217,61.9,1585.59
FUL300121,2025-08-08,CAR217,31.6,744.48
FUL300122,2025-08-22,CAR217,40.8,993.98
FUL300123,2025-09-05,CAR217,65.1,1521.28
FUL300124,2025-09-19,CAR217,41.9,922.38
FUL300125,2025-10-03,CAR217,67.1,1498.36
FUL300126,2025-07-11,CAR218,68.7,1628.87
FUL300127,2025-07-25,CAR218,67.9,1509.28
FUL300128,2025-08-08,CAR218,65.1,1592.4
FUL300129,2025-08-22,CAR218,36.6,814.59
FUL300130,2025-09-05,CAR218,63.3,1561.2
FUL300131,2025-09-19,CAR218,48.2,1140.95
FUL300132,2025-10-03,CAR218,61.3,1488.8
FUL300133,2025-07-11,CAR219,57.0,1291.87
FUL300134,2025-07-25,CAR219,31.6,740.02
FUL300135,2025-08-08,CAR219,38.6,881.69
FUL300136,2025-08-22,CAR219,49.3,1099.78
FUL300137,2025-09-05,CAR219,58.7,1514.39
FUL300138,2025-09-19,CAR219,42.8,988.28
FUL300139,2025-10-03,CAR219,38.6,923.23
FUL300140,2025-07-11,CAR220,45.3,1051.45
FUL300141,2025-07-25,CAR220,42.8,1001.24
FUL300142,2025-08-08,CAR220,38.3,934.97
FUL300143,2025-08-22,CAR220,62.7,1523.28
FUL300144,2025-09-05,CAR220,59.2,1442.01
FUL300145,2025-09-19,CAR220,32.6,794.74
FUL300146,2025-10-03,CAR220,30.9,717.09
FUL300147,2025-07-11,CAR221,65.5,1619.74
FUL300148,2025-07-25,CAR221,33.9,828.3
FUL300149,2025-08-08,CAR221,54.0,1360.28
FUL300150,2025-08-22,CAR221,56.2,1265.95
FUL300151,2025-09-05,CAR221,61.0,1540.8
FUL300152,2025-09-19,CAR221,58.7,1492.16
FUL300153,2025-10-03,CAR221,46.1,1115.83
FUL300154,2025-07-11,CAR222,43.2,999.62
FUL300155,2025-07-25,CAR222,47.2,1109.46
FUL300156,2025-08-08,CAR222,52.8,1183.52
FUL300157,2025-08-22,CAR222,55.1,1390.39
FUL300158,2025-09-05,CAR222,66.5,1517.1
FUL300159,2025-09-19,CAR222,55.1,1381.84
FUL300160,2025-10-03,CAR222,33.4,833.73
FUL300161,2025-07-11,CAR223,46.7,1186.93
FUL300162,2025-07-25,CAR223,40.2,892.51
FUL300163,2025-08-08,CAR223,52.8,1193.71
FUL300164,2025-08-22,CAR223,50.9,1258.08
FUL300165,2025-09-05,CAR223,33.6,848.26
FUL300166,2025-09-19,CAR223,40.6,980.25
FUL300167,2025-10-03,CAR223,68.6,1745.46
FUL300168,2025-07-11,CAR224,43.7,972.09
FUL300169,2025-07-25,CAR224,46.8,1058.35
FUL300170,2025-08-08,CAR224,42.8,988.88
FUL300171,2025-08-22,CAR224,43.6,1129.29
FUL300172,2025-09-05,CAR224,40.3,896.76
FUL300173,2025-09-19,CAR224,67.6,1588.57
FUL300174,2025-10-03,CAR224,62.7,1474.55
FUL300175,2025-07-11,CAR225,45.4,1105.54
FUL300176,2025-07-25,CAR225,42.5,937.62
FUL300177,2025-08-08,CAR225,32.1,822.59
FUL300178,2025-08-22,CAR225,45.9,1091.67
FUL300179,2025-09-05,CAR225,49.2,1109.41
FUL300180,2025-09-19,CAR225,64.6,1489.9
FUL300181,2025-10-03,CAR225,30.7,690.02
FUL300182,2025-07-11,CAR226,68.7,1780.08
FUL300183,2025-07-25,CAR226,49.4,1178.57
FUL300184,2025-08-08,CAR226,43.3,1021.99
FUL300185,2025-08-22,CAR226,31.0,782.54
FUL300186,2025-09-05,CAR226,33.9,827.47
FUL300187,2025-09-19,CAR226,31.2,726.62
FUL300188,2025-10-03,CAR226,41.0,948.68
FUL300189,2025-07-11,CAR227,65.0,1680.87
FUL300190,2025-07-25,CAR227,33.1,739.71
FUL300191,2025-08-08,CAR227,67.4,1612.33
FUL300192,2025-08-22,CAR227,69.7,1765.03
FUL300193,2025-09-05,CAR227,30.5,755.97
FUL300194,2025-09-19,CAR227,57.0,1363.69
FUL300195,2025-10-03,CAR227,42.6,1000.31
FUL300196,2025-07-11,CAR228,30.4,788.51
FUL300197,2025-07-25,CAR228,31.3,735.98
FUL300198,2025-08-08,CAR228,36.8,947.44
FUL300199,2025-08-22,CAR228,63.7,1589.16
FUL300200,2025-09-05,CAR228,50.4,1253.88
FUL300201,2025-09-19,CAR228,69.8,1804.21
FUL300202,2025-10-03,CAR228,45.0,1029.3
FUL300203,2025-07-11,CAR229,50.1,1201.96
FUL300204,2025-07-25,CAR229,33.3,778.02
FUL300205,2025-08-08,CAR229,42.9,1030.19
FUL300206,2025-08-22,CAR229,59.8,1345.33
FUL300207,2025-09-05,CAR229,64.2,1655.13
FUL300208,2025-09-19,CAR229,62.6,1619.96
FUL300209,2025-10-03,CAR229,48.8,1092.13
FUL300210,2025-07-11,CAR230,33.0,757.99
FUL300211,2025-07-25,CAR230,45.0,1022.31
FUL300212,2025-08-08,CAR230,33.7,805.39
FUL300213,2025-08-22,CAR230,34.6,808.05
FUL300214,2025-09-05,CAR230,41.1,946.35
FUL300215,2025-09-19,CAR230,30.3,782.63
FUL300216,2025-10-03,CAR230,67.6,1692.03
FUL300217,2025-07-11,CAR231,57.1,1338.65
FUL300218,2025-07-25,CAR231,34.7,816.97
FUL300219,2025-08-08,CAR231,43.5,965.06
FUL300220,2025-08-22,CAR231,41.8,1050.28
FUL300221,2025-09-05,CAR231,62.7,1453.44
FUL300222,2025-09-19,CAR231,50.2,1175.97
FUL300223,2025-10-03,CAR231,31.6,818.97
FUL300224,2025-07-11,CAR232,55.0,1217.18
FUL300225,2025-07-25,CAR232,55.1,1280.15
FUL300226,2025-08-08,CAR232,44.5,1141.45
FUL300227,2025-08-22,CAR232,47.2,1116.0
FUL300228,2025-09-05,CAR232,56.3,1300.42
FUL300229,2025-09-19,CAR232,55.4,1265.73
FUL300230,2025-10-03,CAR232,44.5,1100.54
FUL300231,2025-07-11,CAR233,51.7,1308.82
FUL300232,2025-07-25,CAR233,52.6,1317.92
FUL300233,2025-08-08,CAR233,34.8,767.36
FUL300234,2025-08-22,CAR233,35.6,879.64
FUL300235,2025-09-05,CAR233,65.8,1653.93
FUL300236,2025-09-19,CAR233,60.5,1449.77
FUL300237,2025-10-03,CAR233,59.1,1362.93
FUL300238,2025-07-11,CAR234,53.4,1345.23
FUL300239,2025-07-25,CAR234,37.6,927.76
FUL300240,2025-08-08,CAR234,67.8,1616.12
FUL300241,2025-08-22,CAR234,45.2,1103.78
FUL300242,2025-09-05,CAR234,37.5,923.93
FUL300243,2025-09-19,CAR234,38.4,845.08
FUL300244,2025-10-03,CAR234,52.5,1188.38
FUL300245,2025-07-11,CAR235,56.5,1425.85
FUL300246,2025-07-25,CAR235,66.6,1480.45
FUL300247,2025-08-08,CAR235,60.4,1435.62
FUL300248,2025-08-22,CAR235,45.7,1162.4
FUL300249,2025-09-05,CAR235,41.6,967.86
FUL300250,2025-09-19,CAR235,52.2,1254.74
FUL300251,2025-10-03,CAR235,53.5,1336.87
FUL300252,2025-07-11,CAR236,64.9,1624.06
FUL300253,2025-07-25,CAR236,62.1,1567.12
FUL300254,2025-08-08,CAR236,40.9,963.16
FUL300255,2025-08-22,CAR236,56.6,1262.41
FUL300256,2025-09-05,CAR236,65.4,1486.31
FUL300257,2025-09-19,CAR236,52.6,1347.82
FUL300258,2025-10-03,CAR236,48.1,1145.7
FUL300259,2025-07-11,CAR237,37.2,955.12
FUL300260,2025-07-25,CAR237,49.2,1274.4
FUL300261,2025-08-08,CAR237,65.4,1475.08
FUL300262,2025-08-22,CAR237,39.6,1028.95
FUL300263,2025-09-05,CAR237,34.4,852.49
FUL300264,2025-09-19,CAR237,60.1,1345.57
FUL300265,2025-10-03,CAR237,61.2,1473.52
FUL300266,2025-07-11,CAR238,55.5,1307.98
FUL300267,2025-07-25,CAR238,67.0,1648.95
FUL300268,2025-08-08,CAR238,34.9,798.88
FUL300269,2025-08-22,CAR238,39.5,944.91
FUL300270,2025-09-05,CAR238,46.3,1083.34
FUL300271,2025-09-19,CAR238,33.5,744.44
FUL300272,2025-10-03,CAR238,57.2,1310.82
FUL300273,2025-07-11,CAR239,54.8,1308.43
FUL300274,2025-07-25,CAR239,31.4,786.17
FUL300275,2025-08-08,CAR239,37.6,949.13
FUL300276,2025-08-22,CAR239,33.2,781.19
FUL300277,2025-09-05,CAR239,42.1,938.04
FUL300278,2025-09-19,CAR239,32.5,744.7
FUL300279,2025-10-03,CAR239,47.9,1187.73
FUL300280,2025-07-11,CAR240,67.2,1547.01
FUL300281,2025-07-25,CAR240,42.2,1095.02
FUL300282,2025-08-08,CAR240,52.1,1327.84
FUL300283,2025-08-22,CAR240,51.0,1177.17
FUL300284,2025-09-05,CAR240,62.6,1512.34
FUL300285,2025-09-19,CAR240,48.6,1142.01
FUL300286,2025-10-03,CAR240,68.6,1710.32
FUL300287,2025-07-11,CAR241,31.6,708.23
FUL300288,2025-07-25,CAR241,56.5,1443.81
FUL300289,2025-08-08,CAR241,67.0,1487.94
FUL300290,2025-08-22,CAR241,34.5,772.05
FUL300291,2025-09-05,CAR241,54.7,1243.41
FUL300292,2025-09-19,CAR241,37.2,899.23
FUL300293,2025-10-03,CAR241,39.2,898.73
FUL300294,2025-07-11,CAR242,50.1,1170.46
FUL300295,2025-07-25,CAR242,38.1,961.36
FUL300296,2025-08-08,CAR242,33.9,877.34
FUL300297,2025-08-22,CAR242,69.8,1705.6
FUL300298,2025-09-05,CAR242,68.1,1768.25
FUL300299,2025-09-19,CAR242,63.0,1614.57
FUL300300,2025-10-03,CAR242,33.6,763.25
FUL300301,2025-07-11,CAR243,62.7,1441.73
FUL300302,2025-07-25,CAR243,61.7,1585.92
FUL300303,2025-08-08,CAR243,61.3,1403.33
FUL300304,2025-08-22,CAR243,53.7,1313.34
FUL300305,2025-09-05,CAR243,62.3,1568.39
FUL300306,2025-09-19,CAR243,49.9,1105.6
FUL300307,2025-10-03,CAR243,66.6,1496.03
FUL300308,2025-07-11,CAR244,53.0,1240.85
FUL300309,2025-07-25,CAR244,36.8,816.85
FUL300310,2025-08-08,CAR244,47.7,1208.1
FUL300311,2025-08-22,CAR244,65.2,1524.34
FUL300312,2025-09-05,CAR244,45.2,1093.39
FUL300313,2025-09-19,CAR244,31.2,732.41
FUL300314,2025-10-03,CAR244,32.3,828.72
FUL300315,2025-07-11,CAR245,44.5,1109.86
FUL300316,2025-07-25,CAR245,45.3,1005.6
FUL300317,2025-08-08,CAR245,30.8,734.23
FUL300318,2025-08-22,CAR245,68.3,1531.71
FUL300319,2025-09-05,CAR245,55.5,1229.22
FUL300320,2025-09-19,CAR245,56.4,1445.4
FUL300321,2025-10-03,CAR245,63.3,1590.38
FUL300322,2025-07-11,CAR246,39.3,959.23
FUL300323,2025-07-25,CAR246,55.1,1421.38
FUL300324,2025-08-08,CAR246,44.1,1115.46
FUL300325,2025-08-22,CAR246,39.2,910.88
FUL300326,2025-09-05,CAR246,31.3,793.4
FUL300327,2025-09-19,CAR246,55.5,1300.66
FUL300328,2025-10-03,CAR246,54.6,1301.69
FUL300329,2025-07-11,CAR247,52.6,1178.19
FUL300330,2025-07-25,CAR247,51.5,1318.83
FUL300331,2025-08-08,CAR247,30.8,723.29
FUL300332,2025-08-22,CAR247,45.6,1064.17
FUL300333,2025-09-05,CAR247,51.5,1296.73
FUL300334,2025-09-19,CAR247,61.7,1573.99
FUL300335,2025-10-03,CAR247,40.6,941.19
FUL300336,2025-07-11,CAR248,43.0,998.7
FUL300337,2025-07-25,CAR248,59.0,1338.76
FUL300338,2025-08-08,CAR248,48.3,1241.5
FUL300339,2025-08-22,CAR248,53.3,1367.61
FUL300340,2025-09-05,CAR248,54.7,1339.15
FUL300341,2025-09-19,CAR248,30.0,680.57
FUL300342,2025-10-03,CAR248,46.5,1181.08
FUL300343,2025-07-11,CAR249,65.3,1580.16
FUL300344,2025-07-25,CAR249,32.0,820.99
FUL300345,2025-08-08,CAR249,59.7,1394.57
FUL300346,2025-08-22,CAR249,48.3,1251.86
FUL300347,2025-09-05,CAR249,45.3,1146.05
FUL300348,2025-09-19,CAR249,66.2,1497.87
FUL300349,2025-10-03,CAR249,42.7,1025.63
FUL300350,2025-07-11,CAR250,45.5,1175.71
FUL300351,2025-07-25,CAR250,51.1,1265.05
FUL300352,2025-08-08,CAR250,41.7,1045.8
FUL300353,2025-08-22,CAR250,59.6,1450.07
FUL300354,2025-09-05,CAR250,56.0,1290.86
FUL300355,2025-09-19,CAR250,50.2,1245.48
FUL300356,2025-10-03,CAR250,58.1,1309.18
FUL300357,2025-07-11,CAR251,53.7,1321.67
FUL300358,2025-07-25,CAR251,69.8,1608.94
FUL300359,2025-08-08,CAR251,43.1,1082.74
FUL300360,2025-08-22,CAR251,49.4,1097.73
FUL300361,2025-09-05,CAR251,48.2,1124.03
FUL300362,2025-09-19,CAR251,65.4,1632.24
FUL300363,2025-10-03,CAR251,61.2,1393.7
FUL300364,2025-07-11,CAR252,41.8,969.97
FUL300365,2025-07-25,CAR252,56.4,1255.15
FUL300366,2025-08-08,CAR252,69.5,1673.53
FUL300367,2025-08-22,CAR252,38.7,932.72
FUL300368,2025-09-05,CAR252,61.3,1465.75
FUL300369,2025-09-19,CAR252,35.7,827.22
FUL300370,2025-10-03,CAR252,39.4,996.02
FUL300371,2025-07-11,CAR253,62.8,1605.92
FUL300372,2025-07-25,CAR253,41.9,1060.8
FUL300373,2025-08-08,CAR253,34.3,844.06
FUL300374,2025-08-22,CAR253,42.2,992.89
FUL300375,2025-09-05,CAR253,44.1,1075.59
FUL300376,2025-09-19,CAR253,55.7,1298.94
FUL300377,2025-10-03,CAR253,53.3,1269.86
FUL300378,2025-07-11,CAR254,63.1,1497.39
FUL300379,2025-07-25,CAR254,66.8,1697.25
FUL300380,2025-08-08,CAR254,38.7,877.83
FUL300381,2025-08-22,CAR254,65.3,1471.51
FUL300382,2025-09-05,CAR254,40.6,897.79
FUL300383,2025-09-19,CAR254,51.6,1187.34
FUL300384,2025-10-03,CAR254,61.9,1538.84
FUL300385,2025-07-11,CAR255,58.9,1298.28
FUL300386,2025-07-25,CAR255,35.6,888.2
FUL300387,2025-08-08,CAR255,32.5,816.2
FUL300388,2025-08-22,CAR255,50.9,1135.19
FUL300389,2025-09-05,CAR255,68.4,1604.41
FUL300390,2025-09-19,CAR255,35.9,817.06
FUL300391,2025-10-03,CAR255,45.2,1132.07
FUL300392,2025-07-11,CAR256,38.1,917.06
FUL300393,2025-07-25,CAR256,53.1,1181.21
FUL300394,2025-08-08,CAR256,33.8,827.48
FUL300395,2025-08-22,CAR256,40.4,1035.32
FUL300396,2025-09-05,CAR256,41.8,1079.88
FUL300397,2025-09-19,CAR256,41.1,987.52
FUL300398,2025-10-03,CAR256,59.1,1340.97
FUL300399,2025-07-11,CAR257,65.8,1483.56
FUL300400,2025-07-25,CAR257,65.1,1592.32
FUL300401,2025-08-08,CAR257,60.7,1490.37
FUL300402,2025-08-22,CAR257,37.4,880.67
FUL300403,2025-09-05,CAR257,68.8,1745.75
FUL300404,2025-09-19,CAR257,53.2,1219.79
FUL300405,2025-10-03,CAR257,58.0,1471.04
FUL300406,2025-07-11,CAR258,53.3,1287.0
FUL300407,2025-07-25,CAR258,67.3,1655.89
FUL300408,2025-08-08,CAR258,68.3,1574.1
FUL300409,2025-08-22,CAR258,69.4,1537.38
FUL300410,2025-09-05,CAR258,51.3,1322.22
FUL300411,2025-09-19,CAR258,43.4,1090.5
FUL300412,2025-10-03,CAR258,64.9,1627.18
FUL300413,2025-07-11,CAR259,67.9,1569.55
FUL300414,2025-07-25,CAR259,42.1,1024.55
FUL300415,2025-08-08,CAR259,63.9,1502.15
FUL300416,2025-08-22,CAR259,38.4,919.97
FUL300417,2025-09-05,CAR259,54.1,1289.23
FUL300418,2025-09-19,CAR259,35.7,887.83
FUL300419,2025-10-03,CAR259,36.3,799.52
FUL300420,2025-07-11,CAR260,32.8,845.23
FUL300421,2025-07-25,CAR260,50.8,1189.45
FUL300422,2025-08-08,CAR260,64.2,1447.35
FUL300423,2025-08-22,CAR260,38.8,921.33
FUL300424,2025-09-05,CAR260,46.3,1186.64
FUL300425,2025-09-19,CAR260,53.9,1267.2
FUL300426,2025-10-03,CAR260,36.1,829.66
FUL300427,2025-07-11,CAR261,68.1,1598.95
FUL300428,2025-07-25,CAR261,59.4,1485.25
FUL300429,2025-08-08,CAR261,36.7,908.35
FUL300430,2025-08-22,CAR261,58.0,1430.73
FUL300431,2025-09-05,CAR261,44.9,1078.49
FUL300432,2025-09-19,CAR261,37.3,843.45
FUL300433,2025-10-03,CAR261,48.2,1180.12
FUL300434,2025-07-11,CAR262,43.0,1021.34
FUL300435,2025-07-25,CAR262,40.5,957.23
FUL300436,2025-08-08,CAR262,41.1,967.07
FUL300437,2025-08-22,CAR262,69.6,1686.14
FUL300438,2025-09-05,CAR262,65.6,1677.6
FUL300439,2025-09-19,CAR262,54.2,1213.52
FUL300440,2025-10-03,CAR262,45.0,1096.63
FUL300441,2025-07-11,CAR263,36.7,839.29
FUL300442,2025-07-25,CAR263,69.1,1664.29
FUL300443,2025-08-08,CAR263,43.2,1084.24
FUL300444,2025-08-22,CAR263,39.5,1019.81
FUL300445,2025-09-05,CAR263,33.7,762.01
FUL300446,2025-09-19,CAR263,39.7,928.57
FUL300447,2025-10-03,CAR263,31.0,736.4
FUL300448,2025-07-11,CAR264,52.1,1264.44
FUL300449,2025-07-25,CAR264,60.7,1539.62
FUL300450,2025-08-08,CAR264,46.5,1171.46
FUL300451,2025-08-22,CAR264,35.3,838.66
FUL300452,2025-09-05,CAR264,63.6,1605.35
FUL300453,2025-09-19,CAR264,31.5,732.15
FUL300454,2025-10-03,CAR264,66.0,1480.09
FUL300455,2025-07-11,CAR265,55.7,1332.81
FUL300456,2025-07-25,CAR265,61.7,1450.9
FUL300457,2025-08-08,CAR265,64.3,1622.75
FUL300458,2025-08-22,CAR265,43.1,1013.71
FUL300459,2025-09-05,CAR265,39.0,996.96
FUL300460,2025-09-19,CAR265,57.7,1301.59
FUL300461,2025-10-03,CAR265,47.2,1104.56
FUL300462,2025-07-11,CAR266,33.3,804.11
FUL300463,2025-07-25,CAR266,57.2,1451.33
FUL300464,2025-08-08,CAR266,40.5,1051.58
FUL300465,2025-08-22,CAR266,68.6,1574.1
FUL300466,2025-09-05,CAR266,66.1,1571.09
FUL300467,2025-09-19,CAR266,69.9,1655.31
FUL300468,2025-10-03,CAR266,40.5,1029.08
FUL300469,2025-07-11,CAR267,51.9,1228.23
FUL300470,2025-07-25,CAR267,45.1,1076.1
FUL300471,2025-08-08,CAR267,54.8,1328.91
FUL300472,2025-08-22,CAR267,38.9,863.69
FUL300473,2025-09-05,CAR267,42.5,968.33
FUL300474,2025-09-19,CAR267,39.8,940.65
FUL300475,2025-10-03,CAR267,45.5,1027.89
FUL300476,2025-07-11,CAR268,59.3,1364.39
FUL300477,2025-07-25,CAR268,34.1,789.83
FUL300478,2025-08-08,CAR268,52.3,1324.42
FUL300479,2025-08-22,CAR268,30.4,742.6
FUL300480,2025-09-05,CAR268,45.3,1118.38
FUL300481,2025-09-19,CAR268,37.3,956.86
FUL300482,2025-10-03,CAR268,37.2,901.33
FUL300483,2025-07-11,CAR269,48.2,1123.95
FUL300484,2025-07-25,CAR269,44.6,1015.31
FUL300485,2025-08-08,CAR269,45.3,1034.24
FUL300486,2025-08-22,CAR269,45.3,1059.1
FUL300487,2025-09-05,CAR269,63.0,1400.99
FUL300488,2025-09-19,CAR269,30.5,699.51
FUL300489,2025-10-03,CAR269,44.0,1069.56
FUL300490,2025-07-11,CAR270,45.1,1100.86
FUL300491,2025-07-25,CAR270,39.3,990.51
FUL300492,2025-08-08,CAR270,55.0,1351.13
FUL300493,2025-08-22,CAR270,32.3,767.6
FUL300494,2025-09-05,CAR270,31.1,699.7
FUL300495,2025-09-19,CAR270,37.5,914.02
FUL300496,2025-10-03,CAR270,51.2,1303.28
FUL300497,2025-07-11,CAR271,65.7,1629.0
FUL300498,2025-07-25,CAR271,30.9,769.7
FUL300499,2025-08-08,CAR271,51.4,1215.0
FUL300500,2025-08-22,CAR271,62.7,1580.49
FUL300501,2025-09-05,CAR271,34.9,891.56
FUL300502,2025-09-19,CAR271,48.5,1137.3
FUL300503,2025-10-03,CAR271,68.0,1499.91
FUL300504,2025-07-11,CAR272,56.5,1455.2
FUL300505,2025-07-25,CAR272,31.1,698.91
FUL300506,2025-08-08,CAR272,44.0,1119.49
FUL300507,2025-08-22,CAR272,35.4,792.51
FUL300508,2025-09-05,CAR272,34.3,810.19
FUL300509,2025-09-19,CAR272,57.6,1360.32
FUL300510,2025-10-03,CAR272,58.1,1396.21
FUL300511,2025-07-11,CAR273,54.8,1338.47
FUL300512,2025-07-25,CAR273,38.7,972.53
FUL300513,2025-08-08,CAR273,41.0,1005.91
FUL300514,2025-08-22,CAR273,47.6,1117.31
FUL300515,2025-09-05,CAR273,44.2,1011.64
FUL300516,2025-09-19,CAR273,39.1,905.26
FUL300517,2025-10-03,CAR273,48.4,1099.96
FUL300518,2025-07-11,CAR274,59.8,1511.73
FUL300519,2025-07-25,CAR274,43.2,1059.04
FUL300520,2025-08-08,CAR274,62.8,1585.98
FUL300521,2025-08-22,CAR274,41.0,991.75
FUL300522,2025-09-05,CAR274,35.9,830.91
FUL300523,2025-09-19,CAR274,43.7,1060.3
FUL300524,2025-10-03,CAR274,44.6,1131.95
FUL300525,2025-07-11,CAR275,50.3,1277.35
FUL300526,2025-07-25,CAR275,44.0,1135.93
FUL300527,2025-08-08,CAR275,49.7,1192.16
FUL300528,2025-08-22,CAR275,46.7,1175.51
FUL300529,2025-09-05,CAR275,50.5,1213.45
FUL300530,2025-09-19,CAR275,63.1,1452.15
FUL300531,2025-10-03,CAR275,66.6,1593.2
FUL300532,2025-07-11,CAR276,34.9,873.93
FUL300533,2025-07-25,CAR276,49.6,1271.36
FUL300534,2025-08-08,CAR276,33.4,811.33
FUL300535,2025-08-22,CAR276,53.3,1289.51
FUL300536,2025-09-05,CAR276,35.1,902.95
FUL300537,2025-09-19,CAR276,63.6,1453.66
FUL300538,2025-10-03,CAR276,66.0,1550.28
FUL300539,2025-07-11,CAR277,66.3,1492.96
FUL300540,2025-07-25,CAR277,55.2,1401.46
FUL300541,2025-08-08,CAR277,48.8,1257.02
FUL300542,2025-08-22,CAR277,57.5,1408.66
FUL300543,2025-09-05,CAR277,32.5,733.71
FUL300544,2025-09-19,CAR277,30.9,748.26
FUL300545,2025-10-03,CAR277,59.2,1485.27
FUL300546,2025-07-11,CAR278,34.4,775.83
FUL300547,2025-07-25,CAR278,40.9,1025.12
FUL300548,2025-08-08,CAR278,50.9,1269.39
FUL300549,2025-08-22,CAR278,67.6,1601.79
FUL300550,2025-09-05,CAR278,35.6,893.07
FUL300551,2025-09-19,CAR278,31.6,763.14
FUL300552,2025-10-03,CAR278,68.8,1618.87
FUL300553,2025-07-11,CAR279,66.2,1511.83
FUL300554,2025-07-25,CAR279,39.1,993.78
FUL300555,2025-08-08,CAR279,48.6,1252.64
FUL300556,2025-08-22,CAR279,40.6,1049.63
FUL300557,2025-09-05,CAR279,51.6,1177.99
FUL300558,2025-09-19,CAR279,55.4,1315.95
FUL300559,2025-10-03,CAR279,69.6,1597.61
FUL300560,2025-07-11,CAR280,41.5,956.2
FUL300561,2025-07-25,CAR280,60.7,1461.6
FUL300562,2025-08-08,CAR280,36.1,840.17
FUL300563,2025-08-22,CAR280,63.6,1505.17
FUL300564,2025-09-05,CAR280,54.5,1397.86
FUL300565,2025-09-19,CAR280,35.5,803.84
FUL300566,2025-10-03,CAR280,38.2,895.88
FUL300567,2025-07-11,CAR281,39.4,949.72
FUL300568,2025-07-25,CAR281,43.1,1092.62
FUL300569,2025-08-08,CAR281,36.5,816.16
FUL300570,2025-08-22,CAR281,45.0,1038.48
FUL300571,2025-09-05,CAR281,60.2,1382.73
FUL300572,2025-09-19,CAR281,34.5,842.19
FUL300573,2025-10-03,CAR281,50.9,1145.13
FUL300574,2025-07-11,CAR282,68.7,1675.87
FUL300575,2025-07-25,CAR282,33.8,857.05
FUL300576,2025-08-08,CAR282,37.1,957.47
FUL300577,2025-08-22,CAR282,67.4,1501.52
FUL300578,2025-09-05,CAR282,61.5,1551.07
FUL300579,2025-09-19,CAR282,58.8,1467.7
FUL300580,2025-10-03,CAR282,65.1,1658.16
FUL300581,2025-07-11,CAR283,69.9,1569.93
FUL300582,2025-07-25,CAR283,49.4,1252.64
FUL300583,2025-08-08,CAR283,67.9,1678.14
FUL300584,2025-08-22,CAR283,34.6,801.53
FUL300585,2025-09-05,CAR283,52.2,1267.7
FUL300586,2025-09-19,CAR283,51.1,1156.01
FUL300587,2025-10-03,CAR283,58.4,1413.84
FUL300588,2025-07-11,CAR284,39.4,913.18
FUL300589,2025-07-25,CAR284,48.9,1268.6
FUL300590,2025-08-08,CAR284,43.3,1077.74
FUL300591,2025-08-22,CAR284,50.1,1175.64
FUL300592,2025-09-05,CAR284,49.4,1274.09
FUL300593,2025-09-19,CAR284,47.4,1115.91
FUL300594,2025-10-03,CAR284,57.9,1310.76
FUL300595,2025-07-11,CAR285,52.3,1193.42
FUL300596,2025-07-25,CAR285,45.5,1073.29
FUL300597,2025-08-08,CAR285,32.7,746.79
FUL300598,2025-08-22,CAR285,36.4,836.72
FUL300599,2025-09-05,CAR285,65.4,1633.01
FUL300600,2025-09-19,CAR285,69.7,1540.98
FUL300601,2025-10-03,CAR285,32.0,756.23
FUL300602,2025-07-11,CAR286,65.4,1622.42
FUL300603,2025-07-25,CAR286,38.4,990.61
FUL300604,2025-08-08,CAR286,39.6,964.81
FUL300605,2025-08-22,CAR286,34.4,886.27
FUL300606,2025-09-05,CAR286,35.5,854.77
FUL300607,2025-09-19,CAR286,34.7,822.18
FUL300608,2025-10-03,CAR286,41.4,934.46
FUL300609,2025-07-11,CAR287,34.1,802.6
FUL300610,2025-07-25,CAR287,39.1,989.11
FUL300611,2025-08-08,CAR287,54.1,1376.33
FUL300612,2025-08-22,CAR287,67.5,1739.28
FUL300613,2025-09-05,CAR287,48.2,1062.24
FUL300614,2025-09-19,CAR287,54.5,1360.17
FUL300615,2025-10-03,CAR287,31.5,814.5
FUL300616,2025-07-11,CAR288,52.0,1155.79
FUL300617,2025-07-25,CAR288,35.2,792.1
FUL300618,2025-08-08,CAR288,61.9,1501.6
FUL300619,2025-08-22,CAR288,42.7,1013.62
FUL300620,2025-09-05,CAR288,40.5,936.19
FUL300621,2025-09-19,CAR288,31.6,727.87
FUL300622,2025-10-03,CAR288,36.6,841.42
FUL300623,2025-07-11,CAR289,57.1,1272.97
FUL300624,2025-07-25,CAR289,68.4,1621.9
FUL300625,2025-08-08,CAR289,39.6,1003.94
FUL300626,2025-08-22,CAR289,67.8,1751.21
FUL300627,2025-09-05,CAR289,62.5,1427.71
FUL300628,2025-09-19,CAR289,35.3,830.0
FUL300629,2025-10-03,CAR289,36.1,878.15
FUL300630,2025-07-11,CAR290,34.4,888.43
FUL300631,2025-07-25,CAR290,58.0,1477.07
FUL300632,2025-08-08,CAR290,65.2,1581.4
FUL300633,2025-08-22,CAR290,58.3,1486.66
FUL300634,2025-09-05,CAR290,37.0,865.64
FUL300635,2025-09-19,CAR290,45.4,1140.34
FUL300636,2025-10-03,CAR290,37.7,916.95
FUL300637,2025-07-11,CAR291,42.7,969.59
FUL300638,2025-07-25,CAR291,42.2,943.88
FUL300639,2025-08-08,CAR291,63.3,1640.26
FUL300640,2025-08-22,CAR291,44.3,1032.55
FUL300641,2025-09-05,CAR291,45.5,1154.21
FUL300642,2025-09-19,CAR291,32.8,773.27
FUL300643,2025-10-03,CAR291,44.8,990.92
FUL300644,2025-07-11,CAR292,40.2,892.77
FUL300645,2025-07-25,CAR292,47.8,1186.19
FUL300646,2025-08-08,CAR292,45.7,1097.85
FUL300647,2025-08-22,CAR292,69.7,1557.2
FUL300648,2025-09-05,CAR292,65.1,1580.15
FUL300649,2025-09-19,CAR292,62.9,1521.61
FUL300650,2025-10-03,CAR292,46.3,1160.49
FUL300651,2025-07-11,CAR293,38.1,841.64
FUL300652,2025-07-25,CAR293,45.5,1098.41
FUL300653,2025-08-08,CAR293,60.6,1401.36
FUL300654,2025-08-22,CAR293,50.2,1227.12
FUL300655,2025-09-05,CAR293,56.0,1427.82
FUL300656,2025-09-19,CAR293,54.9,1313.35
FUL300657,2025-10-03,CAR293,52.9,1222.47
FUL300658,2025-07-11,CAR294,52.0,1197.01
FUL300659,2025-07-25,CAR294,34.1,837.9
FUL300660,2025-08-08,CAR294,44.5,1060.53
FUL300661,2025-08-22,CAR294,36.5,892.58
FUL300662,2025-09-05,CAR294,41.3,994.81
FUL300663,2025-09-19,CAR294,33.5,857.85
FUL300664,2025-10-03,CAR294,48.6,1162.4
FUL300665,2025-07-11,CAR295,42.6,996.76
FUL300666,2025-07-25,CAR295,30.0,719.74
FUL300667,2025-08-08,CAR295,69.4,1538.02
FUL300668,2025-08-22,CAR295,32.0,822.14
FUL300669,2025-09-05,CAR295,55.0,1387.82
FUL300670,2025-09-19,CAR295,34.4,804.55
FUL300671,2025-10-03,CAR295,65.1,1510.36
FUL300672,2025-07-11,CAR296,49.2,1156.17
FUL300673,2025-07-25,CAR296,64.0,1517.14
FUL300674,2025-08-08,CAR296,33.1,789.38
FUL300675,2025-08-22,CAR296,56.5,1371.07
FUL300676,2025-09-05,CAR296,43.9,1112.48
FUL300677,2025-09-19,CAR296,57.2,1394.3
FUL300678,2025-10-03,CAR296,44.6,1122.96
FUL300679,2025-07-11,CAR297,46.9,1147.95
FUL300680,2025-07-25,CAR297,44.3,1055.45
FUL300681,2025-08-08,CAR297,38.9,910.79
FUL300682,2025-08-22,CAR297,69.5,1701.66
FUL300683,2025-09-05,CAR297,47.9,1114.45
FUL300684,2025-09-19,CAR297,53.8,1287.27
FUL300685,2025-10-03,CAR297,65.3,1527.81
FUL300686,2025-07-11,CAR298,30.6,746.26
FUL300687,2025-07-25,CAR298,39.8,919.95
FUL300688,2025-08-08,CAR298,32.1,728.66
FUL300689,2025-08-22,CAR298,63.1,1564.75
FUL300690,2025-09-05,CAR298,44.4,1086.38
FUL300691,2025-09-19,CAR298,66.6,1550.13
FUL300692,2025-10-03,CAR298,34.6,855.96
FUL300693,2025-07-11,CAR299,32.6,791.44
FUL300694,2025-07-25,CAR299,64.4,1643.19
FUL300695,2025-08-08,CAR299,62.6,1408.49
FUL300696,2025-08-22,CAR299,51.5,1234.2
FUL300697,2025-09-05,CAR299,46.6,1206.12
FUL300698,2025-09-19,CAR299,36.1,906.08
FUL300699,2025-10-03,CAR299,42.1,967.39
FUL300700,2025-07-11,CAR300,50.6,1172.47
FUL300701,2025-07-25,CAR300,67.1,1582.03
FUL300702,2025-08-08,CAR300,30.1,727.73
FUL300703,2025-08-22,CAR300,43.7,1014.39
FUL300704,2025-09-05,CAR300,34.2,784.75
FUL300705,2025-09-19,CAR300,69.8,1610.42
FUL300706,2025-10-03,CAR300,47.1,1107.57
FUL300707,2025-07-11,CAR301,61.5,1366.1
FUL300708,2025-07-25,CAR301,55.5,1412.46
FUL300709,2025-08-08,CAR301,65.2,1596.74
FUL300710,2025-08-22,CAR301,69.7,1691.02
FUL300711,2025-09-05,CAR301,32.8,790.46
FUL300712,2025-09-19,CAR301,52.3,1264.45
FUL300713,2025-10-03,CAR301,30.1,769.17
FUL300714,2025-07-11,CAR302,42.3,1060.69
FUL300715,2025-07-25,CAR302,67.0,1645.1
FUL300716,2025-08-08,CAR302,36.9,953.77
FUL300717,2025-08-22,CAR302,66.5,1468.37
FUL300718,2025-09-05,CAR302,50.6,1221.36
FUL300719,2025-09-19,CAR302,54.6,1248.79
FUL300720,2025-10-03,CAR302,65.0,1615.0
FUL300721,2025-07-11,CAR303,54.7,1227.43
FUL300722,2025-07-25,CAR303,50.1,1153.49
FUL300723,2025-08-08,CAR303,47.2,1083.96
FUL300724,2025-08-22,CAR303,31.9,767.53
FUL300725,2025-09-05,CAR303,51.0,1320.54
FUL300726,2025-09-19,CAR303,40.6,920.65
FUL300727,2025-10-03,CAR303,46.8,1062.33
FUL300728,2025-07-11,CAR304,68.6,1621.81
FUL300729,2025-07-25,CAR304,68.8,1740.96
FUL300730,2025-08-08,CAR304,63.8,1436.58
FUL300731,2025-08-22,CAR304,56.4,1436.01
FUL300732,2025-09-05,CAR304,61.0,1398.53
FUL300733,2025-09-19,CAR304,34.1,866.87
FUL300734,2025-10-03,CAR304,48.4,1084.35
FUL300735,2025-07-11,CAR305,41.3,914.13
FUL300736,2025-07-25,CAR305,36.1,914.19
FUL300737,2025-08-08,CAR305,58.3,1415.96
FUL300738,2025-08-22,CAR305,31.0,796.6
FUL300739,2025-09-05,CAR305,39.6,1015.07
FUL300740,2025-09-19,CAR305,35.5,800.8
FUL300741,2025-10-03,CAR305,35.6,906.06
FUL300742,2025-07-11,CAR306,63.1,1505.84
FUL300743,2025-07-25,CAR306,36.0,824.12
FUL300744,2025-08-08,CAR306,38.4,968.41
FUL300745,2025-08-22,CAR306,54.8,1361.95
FUL300746,2025-09-05,CAR306,32.7,820.81
FUL300747,2025-09-19,CAR306,66.5,1633.95
FUL300748,2025-10-03,CAR306,54.4,1293.42
FUL300749,2025-07-11,CAR307,61.7,1494.0
FUL300750,2025-07-25,CAR307,44.3,1098.48
FUL300751,2025-08-08,CAR307,58.3,1514.81
FUL300752,2025-08-22,CAR307,55.8,1263.85
FUL300753,2025-09-05,CAR307,56.1,1329.84
FUL300754,2025-09-19,CAR307,31.9,757.44
FUL300755,2025-10-03,CAR307,56.2,1274.91
FUL300756,2025-07-11,CAR308,46.2,1070.93
FUL300757,2025-07-25,CAR308,55.5,1409.68
FUL300758,2025-08-08,CAR308,44.4,1060.08
FUL300759,2025-08-22,CAR308,53.4,1383.44
FUL300760,2025-09-05,CAR308,48.7,1098.46
FUL300761,2025-09-19,CAR308,41.3,1059.87
FUL300762,2025-10-03,CAR308,69.1,1700.48
FUL300763,2025-07-11,CAR309,48.9,1099.17
FUL300764,2025-07-25,CAR309,54.7,1300.19
FUL300765,2025-08-08,CAR309,37.1,826.2
FUL300766,2025-08-22,CAR309,66.1,1685.97
FUL300767,2025-09-05,CAR309,34.1,823.54
FUL300768,2025-09-19,CAR309,54.9,1417.68
FUL300769,2025-10-03,CAR309,55.1,1397.0
FUL300770,2025-07-11,CAR310,37.4,934.25
FUL300771,2025-07-25,CAR310,60.5,1511.96
FUL300772,2025-08-08,CAR310,41.8,1002.43
FUL300773,2025-08-22,CAR310,67.3,1676.75
FUL300774,2025-09-05,CAR310,44.4,1118.38
FUL300775,2025-09-19,CAR310,42.0,978.44
FUL300776,2025-10-03,CAR310,61.1,1534.08
FUL300777,2025-07-11,CAR311,68.4,1773.63
FUL300778,2025-07-25,CAR311,49.3,1164.84
FUL300779,2025-08-08,CAR311,54.5,1247.28
FUL300780,2025-08-22,CAR311,46.4,1070.92
FUL300781,2025-09-05,CAR311,68.5,1712.0
FUL300782,2025-09-19,CAR311,38.3,937.21
FUL300783,2025-10-03,CAR311,37.7,892.93
FUL300784,2025-07-11,CAR312,43.7,1041.08
FUL300785,2025-07-25,CAR312,52.6,1171.31
FUL300786,2025-08-08,CAR312,34.4,769.34
FUL300787,2025-08-22,CAR312,64.6,1457.03
FUL300788,2025-09-05,CAR312,53.0,1276.93
FUL300789,2025-09-19,CAR312,62.2,1523.62
FUL300790,2025-10-03,CAR312,63.8,1593.03
FUL300791,2025-07-11,CAR313,42.2,1075.91
FUL300792,2025-07-25,CAR313,38.6,914.54
FUL300793,2025-08-08,CAR313,39.1,972.02
FUL300794,2025-08-22,CAR313,32.8,831.03
FUL300795,2025-09-05,CAR313,66.1,1484.31
FUL300796,2025-09-19,CAR313,68.5,1623.17
FUL300797,2025-10-03,CAR313,56.5,1458.11
FUL300798,2025-07-11,CAR314,44.0,1085.96
FUL300799,2025-07-25,CAR314,65.0,1441.57
FUL300800,2025-08-08,CAR314,63.6,1519.26
FUL300801,2025-08-22,CAR314,64.1,1551.21
FUL300802,2025-09-05,CAR314,37.8,959.02
FUL300803,2025-09-19,CAR314,41.6,942.96
FUL300804,2025-10-03,CAR314,64.5,1558.05
FUL300805,2025-07-11,CAR315,36.6,939.3
FUL300806,2025-07-25,CAR315,40.0,918.41
FUL300807,2025-08-08,CAR315,57.1,1292.83
FUL300808,2025-08-22,CAR315,44.3,1095.81
FUL300809,2025-09-05,CAR315,32.6,841.5
FUL300810,2025-09-19,CAR315,60.9,1407.2
FUL300811,2025-10-03,CAR315,64.2,1566.94
FUL300812,2025-07-11,CAR316,60.4,1418.3
FUL300813,2025-07-25,CAR316,33.8,786.06
FUL300814,2025-08-08,CAR316,52.8,1182.19
FUL300815,2025-08-22,CAR316,66.7,1728.27
FUL300816,2025-09-05,CAR316,69.1,1522.93
FUL300817,2025-09-19,CAR316,65.9,1459.69
FUL300818,2025-10-03,CAR316,67.9,1626.3
FUL300819,2025-07-11,CAR317,58.2,1293.21
FUL300820,2025-07-25,CAR317,57.6,1438.32
FUL300821,2025-08-08,CAR317,69.5,1693.16
FUL300822,2025-08-22,CAR317,55.6,1303.33
FUL300823,2025-09-05,CAR317,31.4,812.24
FUL300824,2025-09-19,CAR317,65.1,1655.69
FUL300825,2025-10-03,CAR317,57.2,1357.23
FUL300826,2025-07-11,CAR318,61.2,1404.48
FUL300827,2025-07-25,CAR318,57.7,1282.59
FUL300828,2025-08-08,CAR318,57.5,1353.24
FUL300829,2025-08-22,CAR318,38.8,1000.13
FUL300830,2025-09-05,CAR318,55.4,1247.41
FUL300831,2025-09-19,CAR318,58.0,1408.68
FUL300832,2025-10-03,CAR318,35.0,828.91
FUL300833,2025-07-11,CAR319,34.3,824.68
FUL300834,2025-07-25,CAR319,58.1,1408.75
FUL300835,2025-08-08,CAR319,33.1,728.2
FUL300836,2025-08-22,CAR319,63.7,1555.84
FUL300837,2025-09-05,CAR319,66.2,1540.86
FUL300838,2025-09-19,CAR319,31.1,694.38
FUL300839,2025-10-03,CAR319,54.3,1241.1
FUL300840,2025-07-11,CAR320,42.4,974.45
FUL300841,2025-07-25,CAR320,66.8,1602.27
FUL300842,2025-08-08,CAR320,41.1,986.93
FUL300843,2025-08-22,CAR320,40.2,983.01
FUL300844,2025-09-05,CAR320,33.9,830.59
FUL300845,2025-09-19,CAR320,31.0,705.04
FUL300846,2025-10-03,CAR320,36.1,870.07
FUL300847,2025-07-11,CAR321,69.0,1706.75
FUL300848,2025-07-25,CAR321,40.7,938.07
FUL300849,2025-08-08,CAR321,64.5,1456.35
FUL300850,2025-08-22,CAR321,50.6,1264.58
FUL300851,2025-09-05,CAR321,55.2,1385.31
FUL300852,2025-09-19,CAR321,45.7,1044.45
FUL300853,2025-10-03,CAR321,37.2,950.17
FUL300854,2025-07-11,CAR322,53.4,1384.64
FUL300855,2025-07-25,CAR322,58.9,1447.45
FUL300856,2025-08-08,CAR322,60.5,1496.5
FUL300857,2025-08-22,CAR322,64.4,1581.93
FUL300858,2025-09-05,CAR322,56.1,1345.06
FUL300859,2025-09-19,CAR322,59.3,1512.95
FUL300860,2025-10-03,CAR322,63.7,1655.07
FUL300861,2025-07-11,CAR323,68.2,1578.45
FUL300862,2025-07-25,CAR323,46.8,1029.88
FUL300863,2025-08-08,CAR323,53.1,1330.15
FUL300864,2025-08-22,CAR323,49.7,1140.27
FUL300865,2025-09-05,CAR323,49.1,1146.79
FUL300866,2025-09-19,CAR323,42.2,1091.31
FUL300867,2025-10-03,CAR323,68.6,1725.21
FUL300868,2025-07-11,CAR324,42.6,1015.61
FUL300869,2025-07-25,CAR324,32.7,745.12
FUL300870,2025-08-08,CAR324,69.1,1735.8
FUL300871,2025-08-22,CAR324,36.6,815.39
FUL300872,2025-09-05,CAR324,58.8,1378.42
FUL300873,2025-09-19,CAR324,61.8,1451.17
FUL300874,2025-10-03,CAR324,59.8,1529.88
FUL300875,2025-07-11,CAR325,62.5,1473.97
FUL300876,2025-07-25,CAR325,57.3,1299.73
FUL300877,2025-08-08,CAR325,63.4,1576.07
FUL300878,2025-08-22,CAR325,46.4,1024.11
FUL300879,2025-09-05,CAR325,65.4,1556.76
FUL300880,2025-09-19,CAR325,33.6,808.95
FUL300881,2025-10-03,CAR325,48.9,1233.41
FUL300882,2025-07-11,CAR326,60.8,1529.51
FUL300883,2025-07-25,CAR326,47.6,1104.63
FUL300884,2025-08-08,CAR326,63.3,1500.37
FUL300885,2025-08-22,CAR326,44.3,1061.3
FUL300886,2025-09-05,CAR326,50.2,1212.18
FUL300887,2025-09-19,CAR326,57.0,1321.16
FUL300888,2025-10-03,CAR326,62.3,1537.1
FUL300889,2025-07-11,CAR327,32.0,743.75
FUL300890,2025-07-25,CAR327,43.3,981.26
FUL300891,2025-08-08,CAR327,34.8,883.56
FUL300892,2025-08-22,CAR327,60.4,1384.7
FUL300893,2025-09-05,CAR327,35.8,915.25
FUL300894,2025-09-19,CAR327,58.2,1343.62
FUL300895,2025-10-03,CAR327,42.5,1031.49
FUL300896,2025-07-11,CAR328,30.2,776.38
FUL300897,2025-07-25,CAR328,33.3,814.65
FUL300898,2025-08-08,CAR328,39.2,1003.98
FUL300899,2025-08-22,CAR328,48.0,1207.64
FUL300900,2025-09-05,CAR328,37.9,905.91
FUL300901,2025-09-19,CAR328,66.4,1582.1
FUL300902,2025-10-03,CAR328,67.5,1676.11
FUL300903,2025-07-11,CAR329,63.1,1546.13
FUL300904,2025-07-25,CAR329,54.1,1241.93
FUL300905,2025-08-08,CAR329,63.8,1437.23
FUL300906,2025-08-22,CAR329,57.5,1461.39
FUL300907,2025-09-05,CAR329,35.3,845.36
FUL300908,2025-09-19,CAR329,65.1,1611.63
FUL300909,2025-10-03,CAR329,45.3,1007.96
FUL300910,2025-07-11,CAR330,65.5,1536.27
FUL300911,2025-07-25,CAR330,45.7,1136.39
FUL300912,2025-08-08,CAR330,54.8,1323.05
FUL300913,2025-08-22,CAR330,30.7,703.31
FUL300914,2025-09-05,CAR330,36.4,872.88
FUL300915,2025-09-19,CAR330,58.1,1484.87
FUL300916,2025-10-03,CAR330,32.5,791.16
FUL300917,2025-07-11,CAR331,52.6,1270.89
FUL300918,2025-07-25,CAR331,65.8,1674.02
FUL300919,2025-08-08,CAR331,34.4,779.38
FUL300920,2025-08-22,CAR331,38.6,900.24
FUL300921,2025-09-05,CAR331,44.8,1115.78
FUL300922,2025-09-19,CAR331,35.2,892.48
FUL300923,2025-10-03,CAR331,67.9,1561.33
FUL300924,2025-07-11,CAR332,51.0,1198.37
FUL300925,2025-07-25,CAR332,31.2,730.9
FUL300926,2025-08-08,CAR332,55.7,1297.96
FUL300927,2025-08-22,CAR332,44.1,1022.38
FUL300928,2025-09-05,CAR332,68.0,1618.17
FUL300929,2025-09-19,CAR332,30.7,727.46
FUL300930,2025-10-03,CAR332,53.1,1354.93
FUL300931,2025-07-11,CAR333,69.7,1811.67
FUL300932,2025-07-25,CAR333,59.1,1320.37
FUL300933,2025-08-08,CAR333,33.7,742.11
FUL300934,2025-08-22,CAR333,46.3,1188.45
FUL300935,2025-09-05,CAR333,62.2,1372.69
FUL300936,2025-09-19,CAR333,50.4,1208.73
FUL300937,2025-10-03,CAR333,61.7,1494.27
FUL300938,2025-07-11,CAR334,67.9,1549.79
FUL300939,2025-07-25,CAR334,38.5,854.31
FUL300940,2025-08-08,CAR334,46.6,1191.28
FUL300941,2025-08-22,CAR334,32.7,799.45
FUL300942,2025-09-05,CAR334,68.5,1572.65
FUL300943,2025-09-19,CAR334,40.0,951.18
FUL300944,2025-10-03,CAR334,45.6,1012.15
FUL300945,2025-07-11,CAR335,42.0,934.22
FUL300946,2025-07-25,CAR335,43.0,1066.59
FUL300947,2025-08-08,CAR335,44.8,1117.58
FUL300948,2025-08-22,CAR335,65.6,1684.06
FUL300949,2025-09-05,CAR335,62.9,1622.77
FUL300950,2025-09-19,CAR335,38.9,1009.81
FUL300951,2025-10-03,CAR335,34.3,793.92
FUL300952,2025-07-11,CAR336,55.7,1316.58
FUL300953,2025-07-25,CAR336,46.6,1190.2
FUL300954,2025-08-08,CAR336,38.2,956.91
FUL300955,2025-08-22,CAR336,61.3,1543.7
FUL300956,2025-09-05,CAR336,62.3,1454.83
FUL300957,2025-09-19,CAR336,39.5,875.45
FUL300958,2025-10-03,CAR336,47.8,1225.07
FUL300959,2025-07-11,CAR337,51.5,1188.83
FUL300960,2025-07-25,CAR337,69.3,1797.42
FUL300961,2025-08-08,CAR337,60.0,1395.99
FUL300962,2025-08-22,CAR337,54.2,1219.83
FUL300963,2025-09-05,CAR337,58.2,1410.09
FUL300964,2025-09-19,CAR337,43.5,1047.19
FUL300965,2025-10-03,CAR337,49.5,1188.33
FUL300966,2025-07-11,CAR338,35.0,872.36
FUL300967,2025-07-25,CAR338,32.7,768.28
FUL300968,2025-08-08,CAR338,59.5,1318.58
FUL300969,2025-08-22,CAR338,56.3,1249.94
FUL300970,2025-09-05,CAR338,60.2,1548.25
FUL300971,2025-09-19,CAR338,53.8,1385.37
FUL300972,2025-10-03,CAR338,63.2,1446.18
FUL300973,2025-07-11,CAR339,41.9,1007.68
FUL300974,2025-07-25,CAR339,60.5,1458.45
FUL300975,2025-08-08,CAR339,66.6,1492.19
FUL300976,2025-08-22,CAR339,49.5,1170.2
FUL300977,2025-09-05,CAR339,32.8,833.07
FUL300978,2025-09-19,CAR339,35.2,857.31
FUL300979,2025-10-03,CAR339,49.0,1124.27
FUL300980,2025-07-11,CAR340,36.4,890.54
FUL300981,2025-07-25,CAR340,53.0,1355.17
FUL300982,2025-08-08,CAR340,46.0,1015.8
FUL300983,2025-08-22,CAR340,65.2,1633.82
FUL300984,2025-09-05,CAR340,66.5,1577.09
FUL300985,2025-09-19,CAR340,47.6,1114.65
FUL300986,2025-10-03,CAR340,59.3,1310.09
FUL300987,2025-07-11,CAR341,33.1,739.54
FUL300988,2025-07-25,CAR341,45.4,1080.73
FUL300989,2025-08-08,CAR341,69.8,1749.52
FUL300990,2025-08-22,CAR341,46.0,1179.01
FUL300991,2025-09-05,CAR341,51.2,1247.66
FUL300992,2025-09-19,CAR341,47.3,1134.76
FUL300993,2025-10-03,CAR341,54.3,1208.67
FUL300994,2025-07-11,CAR342,34.0,821.23
FUL300995,2025-07-25,CAR342,60.0,1502.63
FUL300996,2025-08-08,CAR342,48.5,1137.84
FUL300997,2025-08-22,CAR342,31.2,798.37
FUL300998,2025-09-05,CAR342,55.9,1232.34
FUL300999,2025-09-19,CAR342,57.7,1345.85
FUL301000,2025-10-03,CAR342,43.1,1031.47
FUL301001,2025-07-11,CAR343,60.0,1481.14
FUL301002,2025-07-25,CAR343,65.2,1653.31
FUL301003,2025-08-08,CAR343,43.8,1021.43
FUL301004,2025-08-22,CAR343,51.4,1263.43
FUL301005,2025-09-05,CAR343,33.7,792.0
FUL301006,2025-09-19,CAR343,50.2,1210.73
FUL301007,2025-10-03,CAR343,60.4,1391.46
FUL301008,2025-07-11,CAR344,66.9,1630.66
FUL301009,2025-07-25,CAR344,47.3,1184.06
FUL301010,2025-08-08,CAR344,30.5,708.16
FUL301011,2025-08-22,CAR344,40.6,988.83
FUL301012,2025-09-05,CAR344,63.7,1411.11
FUL301013,2025-09-19,CAR344,39.4,1003.96
FUL301014,2025-10-03,CAR344,52.7,1314.57
FUL301015,2025-07-11,CAR345,67.3,1500.89
FUL301016,2025-07-25,CAR345,51.5,1275.5
FUL301017,2025-08-08,CAR345,67.3,1652.51
FUL301018,2025-08-22,CAR345,32.9,735.42
FUL301019,2025-09-05,CAR345,68.2,1511.12
FUL301020,2025-09-19,CAR345,51.8,1320.88
FUL301021,2025-10-03,CAR345,50.1,1163.65
FUL301022,2025-07-11,CAR346,37.3,881.85
FUL301023,2025-07-25,CAR346,51.1,1313.09
FUL301024,2025-08-08,CAR346,59.8,1543.46
FUL301025,2025-08-22,CAR346,34.8,832.68
FUL301026,2025-09-05,CAR346,40.0,944.97
FUL301027,2025-09-19,CAR346,44.4,1004.69
FUL301028,2025-10-03,CAR346,36.4,886.16
FUL301029,2025-07-11,CAR347,67.3,1579.74
FUL301030,2025-07-25,CAR347,63.7,1411.89
FUL301031,2025-08-08,CAR347,42.9,1035.46
FUL301032,2025-08-22,CAR347,66.6,1656.95
FUL301033,2025-09-05,CAR347,33.1,728.78
FUL301034,2025-09-19,CAR347,54.6,1314.53
FUL301035,2025-10-03,CAR347,43.2,990.7
FUL301036,2025-07-11,CAR348,33.8,847.07
FUL301037,2025-07-25,CAR348,56.4,1413.69
FUL301038,2025-08-08,CAR348,36.4,915.46
FUL301039,2025-08-22,CAR348,54.8,1329.99
FUL301040,2025-09-05,CAR348,48.5,1176.55
FUL301041,2025-09-19,CAR348,40.9,1049.8
FUL301042,2025-10-03,CAR348,60.3,1454.09
FUL301043,2025-07-11,CAR349,47.6,1155.26
FUL301044,2025-07-25,CAR349,62.6,1425.09
FUL301045,2025-08-08,CAR349,65.8,1628.11
FUL301046,2025-08-22,CAR349,38.9,1006.33
FUL301047,2025-09-05,CAR349,40.4,925.67
FUL301048,2025-09-19,CAR349,59.6,1443.02
FUL301049,2025-10-03,CAR349,48.3,1123.15
FUL301050,2025-07-11,CAR350,31.1,799.57
FUL301051,2025-07-25,CAR350,62.1,1425.85
FUL301052,2025-08-08,CAR350,38.3,899.88
FUL301053,2025-08-22,CAR350,41.1,987.36
FUL301054,2025-09-05,CAR350,38.1,928.34
FUL301055,2025-09-19,CAR350,69.7,1566.94
FUL301056,2025-10-03,CAR350,67.9,1743.83
FUL301057,2025-07-11,CAR351,45.5,1173.53
FUL301058,2025-07-25,CAR351,68.5,1572.81
FUL301059,2025-08-08,CAR351,52.0,1250.38
FUL301060,2025-08-22,CAR351,59.1,1473.32
FUL301061,2025-09-05,CAR351,36.7,940.96
FUL301062,2025-09-19,CAR351,35.8,863.86
FUL301063,2025-10-03,CAR351,64.7,1607.52
FUL301064,2025-07-11,CAR352,58.2,1358.96
FUL301065,2025-07-25,CAR352,53.6,1331.17
FUL301066,2025-08-08,CAR352,43.4,967.58
FUL301067,2025-08-22,CAR352,59.8,1510.21
FUL301068,2025-09-05,CAR352,33.2,765.92
FUL301069,2025-09-19,CAR352,54.2,1241.65
FUL301070,2025-10-03,CAR352,42.2,1096.82
FUL301071,2025-07-11,CAR353,58.8,1319.39
FUL301072,2025-07-25,CAR353,55.5,1272.86
FUL301073,2025-08-08,CAR353,42.8,983.74
FUL301074,2025-08-22,CAR353,68.3,1609.97
FUL301075,2025-09-05,CAR353,41.8,989.74
FUL301076,2025-09-19,CAR353,59.1,1445.65
FUL301077,2025-10-03,CAR353,60.2,1356.95
FUL301078,2025-07-11,CAR354,69.8,1662.94
FUL301079,2025-07-25,CAR354,68.2,1621.83
FUL301080,2025-08-08,CAR354,38.7,962.74
FUL301081,2025-08-22,CAR354,41.9,938.95
FUL301082,2025-09-05,CAR354,64.6,1541.57
FUL301083,2025-09-19,CAR354,60.6,1419.44
FUL301084,2025-10-03,CAR354,40.4,1026.27
FUL301085,2025-07-11,CAR355,65.9,1581.83
FUL301086,2025-07-25,CAR355,54.0,1227.15
FUL301087,2025-08-08,CAR355,38.6,869.93
FUL301088,2025-08-22,CAR355,38.5,924.0
FUL301089,2025-09-05,CAR355,65.5,1451.3
FUL301090,2025-09-19,CAR355,65.9,1713.02
FUL301091,2025-10-03,CAR355,63.1,1600.43
FUL301092,2025-07-11,CAR356,39.9,943.38
FUL301093,2025-07-25,CAR356,40.2,964.36
FUL301094,2025-08-08,CAR356,70.0,1648.3
FUL301095,2025-08-22,CAR356,37.8,928.86
FUL301096,2025-09-05,CAR356,50.7,1218.48
FUL301097,2025-09-19,CAR356,60.8,1532.5
FUL301098,2025-10-03,CAR356,32.5,801.27
FUL301099,2025-07-11,CAR357,68.2,1525.0
FUL301100,2025-07-25,CAR357,36.2,838.82
FUL301101,2025-08-08,CAR357,43.2,1082.08
FUL301102,2025-08-22,CAR357,61.7,1596.61
FUL301103,2025-09-05,CAR357,45.1,1116.57
FUL301104,2025-09-19,CAR357,31.1,791.81
FUL301105,2025-10-03,CAR357,63.4,1557.57
FUL301106,2025-07-11,CAR358,41.5,937.17
FUL301107,2025-07-25,CAR358,61.7,1476.06
FUL301108,2025-08-08,CAR358,39.2,921.46
FUL301109,2025-08-22,CAR358,46.8,1037.09
FUL301110,2025-09-05,CAR358,53.2,1196.87
FUL301111,2025-09-19,CAR358,35.3,822.55
FUL301112,2025-10-03,CAR358,50.2,1223.62
FUL301113,2025-07-11,CAR359,65.6,1533.08
FUL301114,2025-07-25,CAR359,50.1,1224.78
FUL301115,2025-08-08,CAR359,54.7,1245.67
FUL301116,2025-08-22,CAR359,62.7,1529.56
FUL301117,2025-09-05,CAR359,69.6,1540.11
FUL301118,2025-09-19,CAR359,61.1,1392.15
FUL301119,2025-10-03,CAR359,54.1,1364.67
FUL301120,2025-07-11,CAR360,51.5,1329.01
FUL301121,2025-07-25,CAR360,44.1,1044.55
FUL301122,2025-08-08,CAR360,38.1,956.64
FUL301123,2025-08-22,CAR360,34.2,867.35
FUL301124,2025-09-05,CAR360,64.3,1594.63
FUL301125,2025-09-19,CAR360,56.6,1444.53
FUL301126,2025-10-03,CAR360,45.5,1047.24
FUL301127,2025-07-11,CAR361,35.4,820.26
FUL301128,2025-07-25,CAR361,44.1,1010.1
FUL301129,2025-08-08,CAR361,57.1,1272.91
FUL301130,2025-08-22,CAR361,38.9,898.18
FUL301131,2025-09-05,CAR361,46.8,1196.25
FUL301132,2025-09-19,CAR361,65.2,1453.3
FUL301133,2025-10-03,CAR361,62.0,1393.55
FUL301134,2025-07-11,CAR362,64.1,1447.96
FUL301135,2025-07-25,CAR362,56.8,1293.48
FUL301136,2025-08-08,CAR362,48.1,1086.46
FUL301137,2025-08-22,CAR362,50.4,1295.13
FUL301138,2025-09-05,CAR362,44.4,1012.85
FUL301139,2025-09-19,CAR362,65.5,1599.97
FUL301140,2025-10-03,CAR362,49.0,1133.42
FUL301141,2025-07-11,CAR363,31.1,786.51
FUL301142,2025-07-25,CAR363,52.5,1194.53
FUL301143,2025-08-08,CAR363,46.6,1158.82
FUL301144,2025-08-22,CAR363,58.8,1313.12
FUL301145,2025-09-05,CAR363,46.6,1189.88
FUL301146,2025-09-19,CAR363,61.6,1580.19
FUL301147,2025-10-03,CAR363,33.5,792.83
FUL301148,2025-07-11,CAR364,69.5,1741.19
FUL301149,2025-07-25,CAR364,32.7,808.34
FUL301150,2025-08-08,CAR364,39.9,950.43
FUL301151,2025-08-22,CAR364,55.1,1403.76
FUL301152,2025-09-05,CAR364,33.2,821.38
FUL301153,2025-09-19,CAR364,56.6,1282.74
FUL301154,2025-10-03,CAR364,32.2,765.82
FUL301155,2025-07-11,CAR365,56.6,1341.89
FUL301156,2025-07-25,CAR365,67.9,1754.65
FUL301157,2025-08-08,CAR365,32.8,824.28
FUL301158,2025-08-22,CAR365,63.4,1573.42
FUL301159,2025-09-05,CAR365,49.8,1132.12
FUL301160,2025-09-19,CAR365,66.3,1626.14
FUL301161,2025-10-03,CAR365,62.3,1478.18
FUL301162,2025-07-11,CAR366,61.2,1450.78
FUL301163,2025-07-25,CAR366,33.0,839.91
FUL301164,2025-08-08,CAR366,31.0,788.48
FUL301165,2025-08-22,CAR366,45.5,1084.78
FUL301166,2025-09-05,CAR366,31.9,800.89
FUL301167,2025-09-19,CAR366,39.6,896.41
FUL301168,2025-10-03,CAR366,48.0,1067.02
FUL301169,2025-07-11,CAR367,31.6,734.94
FUL301170,2025-07-25,CAR367,67.2,1742.42
FUL301171,2025-08-08,CAR367,44.3,976.96
FUL301172,2025-08-22,CAR367,47.3,1093.86
FUL301173,2025-09-05,CAR367,52.1,1333.33
FUL301174,2025-09-19,CAR367,66.1,1528.15
FUL301175,2025-10-03,CAR367,64.5,1446.17
FUL301176,2025-07-11,CAR368,48.4,1098.26
FUL301177,2025-07-25,CAR368,61.1,1436.86
FUL301178,2025-08-08,CAR368,65.1,1553.17
FUL301179,2025-08-22,CAR368,52.9,1233.88
FUL301180,2025-09-05,CAR368,57.1,1368.04
FUL301181,2025-09-19,CAR368,55.0,1233.83
FUL301182,2025-10-03,CAR368,30.3,746.82
FUL301183,2025-07-11,CAR369,41.8,1035.47
FUL301184,2025-07-25,CAR369,66.9,1623.72
FUL301185,2025-08-08,CAR369,69.1,1743.73
FUL301186,2025-08-22,CAR369,41.8,967.38
FUL301187,2025-09-05,CAR369,49.2,1128.81
FUL301188,2025-09-19,CAR369,30.0,690.2
FUL301189,2025-10-03,CAR369,34.9,836.09
FUL301190,2025-07-11,CAR370,45.8,1170.13
FUL301191,2025-07-25,CAR370,53.7,1188.69
FUL301192,2025-08-08,CAR370,57.6,1335.42
FUL301193,2025-08-22,CAR370,58.2,1491.59
FUL301194,2025-09-05,CAR370,58.8,1423.92
FUL301195,2025-09-19,CAR370,40.0,960.4
FUL301196,2025-10-03,CAR370,65.0,1663.64
FUL301197,2025-07-11,CAR371,61.4,1414.81
FUL301198,2025-07-25,CAR371,46.7,1088.28
FUL301199,2025-08-08,CAR371,44.7,1122.95
FUL301200,2025-08-22,CAR371,64.1,1490.6
FUL301201,2025-09-05,CAR371,48.4,1118.96
FUL301202,2025-09-19,CAR371,62.8,1523.27
FUL301203,2025-10-03,CAR371,68.5,1565.03
FUL301204,2025-07-11,CAR372,34.0,858.02
FUL301205,2025-07-25,CAR372,52.8,1283.54
FUL301206,2025-08-08,CAR372,50.9,1175.35
FUL301207,2025-08-22,CAR372,37.1,900.59
FUL301208,2025-09-05,CAR372,34.7,815.18
FUL301209,2025-09-19,CAR372,54.1,1209.58
FUL301210,2025-10-03,CAR372,63.1,1528.68
FUL301211,2025-07-11,CAR373,41.7,990.72
FUL301212,2025-07-25,CAR373,42.5,1071.0
FUL301213,2025-08-08,CAR373,63.9,1501.18
FUL301214,2025-08-22,CAR373,31.7,751.19
FUL301215,2025-09-05,CAR373,39.6,986.44
FUL301216,2025-09-19,CAR373,57.9,1396.42
FUL301217,2025-10-03,CAR373,66.8,1631.08
FUL301218,2025-07-11,CAR374,42.5,1084.4
FUL301219,2025-07-25,CAR374,54.3,1361.26
FUL301220,2025-08-08,CAR374,38.1,934.36
FUL301221,2025-08-22,CAR374,60.7,1343.77
FUL301222,2025-09-05,CAR374,62.2,1516.6
FUL301223,2025-09-19,CAR374,64.0,1570.98
FUL301224,2025-10-03,CAR374,47.2,1067.74
FUL301225,2025-07-11,CAR375,44.5,979.82
FUL301226,2025-07-25,CAR375,47.1,1096.36
FUL301227,2025-08-08,CAR375,61.4,1594.29
FUL301228,2025-08-22,CAR375,56.6,1417.9
FUL301229,2025-09-05,CAR375,41.3,946.2
FUL301230,2025-09-19,CAR375,67.0,1573.49
FUL301231,2025-10-03,CAR375,64.8,1588.4
FUL301232,2025-07-11,CAR376,66.9,1557.68
FUL301233,2025-07-25,CAR376,67.7,1662.26
FUL301234,2025-08-08,CAR376,53.3,1361.35
FUL301235,2025-08-22,CAR376,61.9,1539.1
FUL301236,2025-09-05,CAR376,45.9,1113.59
FUL301237,2025-09-19,CAR376,59.4,1530.58
FUL301238,2025-10-03,CAR376,51.2,1209.96
FUL301239,2025-07-11,CAR377,65.3,1471.31
FUL301240,2025-07-25,CAR377,56.8,1336.93
FUL301241,2025-08-08,CAR377,41.6,1015.77
FUL301242,2025-08-22,CAR377,49.8,1239.4
FUL301243,2025-09-05,CAR377,40.6,1035.99
FUL301244,2025-09-19,CAR377,68.2,1568.73
FUL301245,2025-10-03,CAR377,59.4,1425.06
FUL301246,2025-07-11,CAR378,44.2,1064.87
FUL301247,2025-07-25,CAR378,45.8,1021.14
FUL301248,2025-08-08,CAR378,35.5,787.34
FUL301249,2025-08-22,CAR378,32.8,851.79
FUL301250,2025-09-05,CAR378,48.9,1239.91
FUL301251,2025-09-19,CAR378,41.2,1036.37
FUL301252,2025-10-03,CAR378,65.0,1615.14
FUL301253,2025-07-11,CAR379,45.7,1057.37
FUL301254,2025-07-25,CAR379,42.2,1013.55
FUL301255,2025-08-08,CAR379,44.4,1053.06
FUL301256,2025-08-22,CAR379,63.3,1413.82
FUL301257,2025-09-05,CAR379,40.5,969.84
FUL301258,2025-09-19,CAR379,69.1,1558.31
FUL301259,2025-10-03,CAR379,62.9,1415.76
FUL301260,2025-07-11,CAR380,60.8,1497.6
FUL301261,2025-07-25,CAR380,58.1,1390.63
FUL301262,2025-08-08,CAR380,32.4,772.25
FUL301263,2025-08-22,CAR380,41.4,981.57
FUL301264,2025-09-05,CAR380,30.7,752.52
FUL301265,2025-09-19,CAR380,56.7,1447.65
FUL301266,2025-10-03,CAR380,61.3,1420.48
FUL301267,2025-07-11,CAR381,37.4,916.61
FUL301268,2025-07-25,CAR381,30.7,723.9
FUL301269,2025-08-08,CAR381,67.8,1629.64
FUL301270,2025-08-22,CAR381,40.8,1033.22
FUL301271,2025-09-05,CAR381,39.0,902.78
FUL301272,2025-09-19,CAR381,49.3,1242.77
FUL301273,2025-10-03,CAR381,61.6,1451.69
FUL301274,2025-07-11,CAR382,49.1,1191.34
FUL301275,2025-07-25,CAR382,30.8,777.51
FUL301276,2025-08-08,CAR382,42.6,1093.36
FUL301277,2025-08-22,CAR382,35.4,852.59
FUL301278,2025-09-05,CAR382,63.7,1498.54
FUL301279,2025-09-19,CAR382,62.1,1370.73
FUL301280,2025-10-03,CAR382,50.0,1281.95
FUL301281,2025-07-11,CAR383,42.4,948.73
FUL301282,2025-07-25,CAR383,47.6,1231.51
FUL301283,2025-08-08,CAR383,44.7,1057.31
FUL301284,2025-08-22,CAR383,35.3,810.12
FUL301285,2025-09-05,CAR383,63.0,1466.69
FUL301286,2025-09-19,CAR383,62.0,1513.94
FUL301287,2025-10-03,CAR383,33.1,792.67
FUL301288,2025-07-11,CAR384,49.9,1286.06
FUL301289,2025-07-25,CAR384,56.5,1455.66
FUL301290,2025-08-08,CAR384,42.3,1062.17
FUL301291,2025-08-22,CAR384,64.1,1411.99
FUL301292,2025-09-05,CAR384,45.2,1040.09
FUL301293,2025-09-19,CAR384,39.7,994.49
FUL301294,2025-10-03,CAR384,62.1,1569.12
FUL301295,2025-07-11,CAR385,41.9,1047.06
FUL301296,2025-07-25,CAR385,52.4,1199.33
FUL301297,2025-08-08,CAR385,31.7,799.42
FUL301298,2025-08-22,CAR385,46.2,1177.27
FUL301299,2025-09-05,CAR385,31.6,739.35
FUL301300,2025-09-19,CAR385,45.2,1165.73
FUL301301,2025-10-03,CAR385,44.5,1076.9
FUL301302,2025-07-11,CAR386,33.9,793.44
FUL301303,2025-07-25,CAR386,61.8,1398.11
FUL301304,2025-08-08,CAR386,64.0,1653.14
FUL301305,2025-08-22,CAR386,45.2,1045.77
FUL301306,2025-09-05,CAR386,44.0,1070.68
FUL301307,2025-09-19,CAR386,68.6,1686.28
FUL301308,2025-10-03,CAR386,30.4,746.42
FUL301309,2025-07-11,CAR387,40.9,961.31
FUL301310,2025-07-25,CAR387,43.8,1053.27
FUL301311,2025-08-08,CAR387,66.3,1668.51
FUL301312,2025-08-22,CAR387,66.8,1672.61
FUL301313,2025-09-05,CAR387,65.7,1692.12
FUL301314,2025-09-19,CAR387,53.5,1389.73
FUL301315,2025-10-03,CAR387,50.7,1127.62
FUL301316,2025-07-11,CAR388,41.3,1044.87
FUL301317,2025-07-25,CAR388,38.0,910.86
FUL301318,2025-08-08,CAR388,56.3,1377.49
FUL301319,2025-08-22,CAR388,49.5,1274.24
FUL301320,2025-09-05,CAR388,44.2,994.77
FUL301321,2025-09-19,CAR388,47.7,1150.98
FUL301322,2025-10-03,CAR388,66.8,1681.73
FUL301323,2025-07-11,CAR389,36.9,939.77
FUL301324,2025-07-25,CAR389,42.8,1047.85
FUL301325,2025-08-08,CAR389,37.6,896.78
FUL301326,2025-08-22,CAR389,67.3,1495.36
FUL301327,2025-09-05,CAR389,52.0,1311.19
FUL301328,2025-09-19,CAR389,48.5,1254.84
FUL301329,2025-10-03,CAR389,67.0,1610.52
FUL301330,2025-07-11,CAR390,68.5,1608.19
FUL301331,2025-07-25,CAR390,52.0,1318.01
FUL301332,2025-08-08,CAR390,46.1,1107.2
FUL301333,2025-08-22,CAR390,37.7,931.81
FUL301334,2025-09-05,CAR390,45.3,1043.44
FUL301335,2025-09-19,CAR390,66.5,1635.22
FUL301336,2025-10-03,CAR390,46.8,1155.68
FUL301337,2025-07-11,CAR391,55.9,1289.65
FUL301338,2025-07-25,CAR391,43.0,1109.68
FUL301339,2025-08-08,CAR391,39.4,984.01
FUL301340,2025-08-22,CAR391,38.1,876.86
FUL301341,2025-09-05,CAR391,31.3,709.66
FUL301342,2025-09-19,CAR391,35.0,775.69
FUL301343,2025-10-03,CAR391,59.9,1412.02
FUL301344,2025-07-11,CAR392,32.4,794.29
FUL301345,2025-07-25,CAR392,68.0,1608.91
FUL301346,2025-08-08,CAR392,38.1,934.67
FUL301347,2025-08-22,CAR392,56.5,1406.14
FUL301348,2025-09-05,CAR392,45.2,1136.01
FUL301349,2025-09-19,CAR392,54.8,1281.66
FUL301350,2025-10-03,CAR392,66.1,1519.2
FUL301351,2025-07-11,CAR393,58.3,1302.34
FUL301352,2025-07-25,CAR393,42.3,937.69
FUL301353,2025-08-08,CAR393,69.1,1702.84
FUL301354,2025-08-22,CAR393,58.3,1497.75
FUL301355,2025-09-05,CAR393,52.2,1224.65
FUL301356,2025-09-19,CAR393,67.1,1654.35
FUL301357,2025-10-03,CAR393,68.7,1784.8
FUL301358,2025-07-11,CAR394,35.4,903.13
FUL301359,2025-07-25,CAR394,49.1,1182.95
FUL301360,2025-08-08,CAR394,31.1,751.5
FUL301361,2025-08-22,CAR394,39.7,960.39
FUL301362,2025-09-05,CAR394,44.1,1073.44
FUL301363,2025-09-19,CAR394,44.6,1101.76
FUL301364,2025-10-03,CAR394,66.8,1491.44
FUL301365,2025-07-11,CAR395,40.4,1010.47
FUL301366,2025-07-25,CAR395,48.1,1218.75
FUL301367,2025-08-08,CAR395,64.9,1602.61
FUL301368,2025-08-22,CAR395,57.8,1454.22
FUL301369,2025-09-05,CAR395,43.4,1048.09
FUL301370,2025-09-19,CAR395,59.7,1462.04
FUL301371,2025-10-03,CAR395,45.0,1026.56
FUL301372,2025-07-11,CAR396,52.5,1326.57
FUL301373,2025-07-25,CAR396,46.3,1095.67
FUL301374,2025-08-08,CAR396,50.1,1234.39
FUL301375,2025-08-22,CAR396,55.0,1351.63
FUL301376,2025-09-05,CAR396,35.0,891.71
FUL301377,2025-09-19,CAR396,66.4,1605.85
FUL301378,2025-10-03,CAR396,62.0,1524.3
FUL301379,2025-07-11,CAR397,34.5,792.45
FUL301380,2025-07-25,CAR397,52.5,1298.52
FUL301381,2025-08-08,CAR397,52.7,1336.97
FUL301382,2025-08-22,CAR397,46.2,1184.42
FUL301383,2025-09-05,CAR397,42.9,1039.07
FUL301384,2025-09-19,CAR397,46.1,1030.61
FUL301385,2025-10-03,CAR397,52.4,1156.38
FUL301386,2025-07-11,CAR398,35.3,816.48
FUL301387,2025-07-25,CAR398,48.4,1065.27
FUL301388,2025-08-08,CAR398,55.3,1302.01
FUL301389,2025-08-22,CAR398,40.6,1037.62
FUL301390,2025-09-05,CAR398,62.8,1598.94
FUL301391,2025-09-19,CAR398,54.7,1206.93
FUL301392,2025-10-03,CAR398,39.0,911.87
FUL301393,2025-07-11,CAR399,65.6,1700.18
FUL301394,2025-07-25,CAR399,41.7,976.02
FUL301395,2025-08-08,CAR399,38.3,928.64
FUL301396,2025-08-22,CAR399,44.3,1078.32
FUL301397,2025-09-05,CAR399,47.1,1052.17
FUL301398,2025-09-19,CAR399,64.9,1652.84
FUL301399,2025-10-03,CAR399,47.6,1071.34
FUL301400,2025-07-11,CAR400,46.3,1018.89
FUL301401,2025-07-25,CAR400,58.7,1453.83
FUL301402,2025-08-08,CAR400,64.8,1487.08
FUL301403,2025-08-22,CAR400,57.6,1436.99
FUL301404,2025-09-05,CAR400,40.4,974.81
FUL301405,2025-09-19,CAR400,67.3,1621.73
FUL301406,2025-10-03,CAR400,47.2,1119.89
FUL301407,2025-07-11,CAR401,48.6,1238.23
FUL301408,2025-07-25,CAR401,39.3,897.47
FUL301409,2025-08-08,CAR401,58.1,1360.99
FUL301410,2025-08-22,CAR401,57.2,1464.62
FUL301411,2025-09-05,CAR401,44.4,1075.83
FUL301412,2025-09-19,CAR401,53.8,1275.9
FUL301413,2025-10-03,CAR401,62.7,1450.87
FUL301414,2025-07-11,CAR402,67.2,1688.59
FUL301415,2025-07-25,CAR402,53.7,1218.53
FUL301416,2025-08-08,CAR402,52.6,1308.81
FUL301417,2025-08-22,CAR402,57.2,1477.05
FUL301418,2025-09-05,CAR402,62.6,1607.4
FUL301419,2025-09-19,CAR402,53.8,1374.67
FUL301420,2025-10-03,CAR402,37.5,869.75
FUL301421,2025-07-11,CAR403,56.7,1468.29
FUL301422,2025-07-25,CAR403,62.3,1475.56
FUL301423,2025-08-08,CAR403,34.1,802.84
FUL301424,2025-08-22,CAR403,31.6,703.98
FUL301425,2025-09-05,CAR403,36.3,878.51
FUL301426,2025-09-19,CAR403,48.4,1141.93
FUL301427,2025-10-03,CAR403,50.7,1145.45
FUL301428,2025-07-11,CAR404,31.9,712.46
FUL301429,2025-07-25,CAR404,48.5,1177.14
FUL301430,2025-08-08,CAR404,63.3,1524.15
FUL301431,2025-08-22,CAR404,34.8,814.99
FUL301432,2025-09-05,CAR404,47.6,1172.32
FUL301433,2025-09-19,CAR404,67.5,1717.29
FUL301434,2025-10-03,CAR404,47.4,1199.88
FUL301435,2025-07-11,CAR405,36.1,812.92
FUL301436,2025-07-25,CAR405,65.8,1530.62
FUL301437,2025-08-08,CAR405,46.1,1125.26
FUL301438,2025-08-22,CAR405,43.2,951.46
FUL301439,2025-09-05,CAR405,36.1,926.45
FUL301440,2025-09-19,CAR405,69.8,1628.47
FUL301441,2025-10-03,CAR405,66.9,1598.1
FUL301442,2025-07-11,CAR406,50.7,1142.74
FUL301443,2025-07-25,CAR406,32.3,795.32
FUL301444,2025-08-08,CAR406,59.1,1392.7
FUL301445,2025-08-22,CAR406,32.4,805.48
FUL301446,2025-09-05,CAR406,50.5,1232.03
FUL301447,2025-09-19,CAR406,47.7,1157.51
FUL301448,2025-10-03,CAR406,53.9,1293.7
FUL301449,2025-07-11,CAR407,68.9,1600.24
FUL301450,2025-07-25,CAR407,49.1,1148.51
FUL301451,2025-08-08,CAR407,48.8,1094.06
FUL301452,2025-08-22,CAR407,57.5,1422.47
FUL301453,2025-09-05,CAR407,53.3,1240.84
FUL301454,2025-09-19,CAR407,67.0,1662.36
FUL301455,2025-10-03,CAR407,35.0,880.0
FUL301456,2025-07-11,CAR408,69.6,1681.25
FUL301457,2025-07-25,CAR408,33.5,749.45
FUL301458,2025-08-08,CAR408,40.3,1014.8
FUL301459,2025-08-22,CAR408,66.9,1591.35
FUL301460,2025-09-05,CAR408,37.0,894.24
FUL301461,2025-09-19,CAR408,36.6,910.93
FUL301462,2025-10-03,CAR408,42.4,959.38
FUL301463,2025-07-11,CAR409,37.5,950.23
FUL301464,2025-07-25,CAR409,63.4,1500.29
FUL301465,2025-08-08,CAR409,30.5,762.57
FUL301466,2025-08-22,CAR409,40.4,1009.36
FUL301467,2025-09-05,CAR409,38.0,921.14
FUL301468,2025-09-19,CAR409,45.7,1019.88
FUL301469,2025-10-03,CAR409,68.0,1679.92
FUL301470,2025-07-11,CAR410,31.9,741.31
FUL301471,2025-07-25,CAR410,65.6,1679.8
FUL301472,2025-08-08,CAR410,34.6,767.53
FUL301473,2025-08-22,CAR410,45.2,1083.29
FUL301474,2025-09-05,CAR410,45.8,1045.99
FUL301475,2025-09-19,CAR410,35.4,869.38
FUL301476,2025-10-03,CAR410,47.1,1180.26
FUL301477,2025-07-11,CAR411,40.6,998.28
FUL301478,2025-07-25,CAR411,42.1,1094.48
FUL301479,2025-08-08,CAR411,48.5,1105.61
FUL301480,2025-08-22,CAR411,42.7,1070.49
FUL301481,2025-09-05,CAR411,68.8,1732.31
FUL301482,2025-09-19,CAR411,65.8,1603.01
FUL301483,2025-10-03,CAR411,65.6,1492.3
FUL301484,2025-07-11,CAR412,33.9,844.29
FUL301485,2025-07-25,CAR412,68.3,1644.84
FUL301486,2025-08-08,CAR412,40.0,964.44
FUL301487,2025-08-22,CAR412,66.4,1468.87
FUL301488,2025-09-05,CAR412,65.9,1576.11
FUL301489,2025-09-19,CAR412,55.7,1312.09
FUL301490,2025-10-03,CAR412,57.8,1459.3
FUL301491,2025-07-11,CAR413,33.8,809.84
FUL301492,2025-07-25,CAR413,40.9,1021.27
FUL301493,2025-08-08,CAR413,61.5,1516.16
FUL301494,2025-08-22,CAR413,33.2,841.12
FUL301495,2025-09-05,CAR413,52.6,1163.76
FUL301496,2025-09-19,CAR413,62.5,1433.12
FUL301497,2025-10-03,CAR413,39.5,945.99
FUL301498,2025-07-11,CAR414,31.9,797.59
FUL301499,2025-07-25,CAR414,35.9,882.26
FUL301500,2025-08-08,CAR414,42.9,1010.07
FUL301501,2025-08-22,CAR414,61.1,1514.78
FUL301502,2025-09-05,CAR414,40.2,897.4
FUL301503,2025-09-19,CAR414,42.6,966.3
FUL301504,2025-10-03,CAR414,67.5,1584.38
FUL301505,2025-07-11,CAR415,34.6,833.3
FUL301506,2025-07-25,CAR415,40.7,989.32
FUL301507,2025-08-08,CAR415,36.7,900.08
FUL301508,2025-08-22,CAR415,36.5,933.95
FUL301509,2025-09-05,CAR415,39.5,900.3
FUL301510,2025-09-19,CAR415,42.5,1101.1
FUL301511,2025-10-03,CAR415,53.8,1285.8
FUL301512,2025-07-11,CAR416,66.6,1487.81
FUL301513,2025-07-25,CAR416,57.3,1306.09
FUL301514,2025-08-08,CAR416,49.6,1223.11
FUL301515,2025-08-22,CAR416,69.4,1745.12
FUL301516,2025-09-05,CAR416,31.9,792.83
FUL301517,2025-09-19,CAR416,67.2,1700.76
FUL301518,2025-10-03,CAR416,48.9,1087.62
FUL301519,2025-07-11,CAR417,66.9,1560.17
FUL301520,2025-07-25,CAR417,32.3,771.6
FUL301521,2025-08-08,CAR417,60.5,1474.34
FUL301522,2025-08-22,CAR417,57.8,1287.57
FUL301523,2025-09-05,CAR417,60.6,1346.7
FUL301524,2025-09-19,CAR417,60.5,1428.53
FUL301525,2025-10-03,CAR417,34.4,776.04
FUL301526,2025-07-11,CAR418,65.6,1609.76
FUL301527,2025-07-25,CAR418,58.4,1423.45
FUL301528,2025-08-08,CAR418,33.0,777.36
FUL301529,2025-08-22,CAR418,59.9,1493.4
FUL301530,2025-09-05,CAR418,31.2,695.11
FUL301531,2025-09-19,CAR418,70.0,1663.74
FUL301532,2025-10-03,CAR418,40.1,978.07
FUL301533,2025-07-11,CAR419,54.6,1350.71
FUL301534,2025-07-25,CAR419,42.7,1029.68
FUL301535,2025-08-08,CAR419,34.6,862.87
FUL301536,2025-08-22,CAR419,49.9,1287.3
FUL301537,2025-09-05,CAR419,65.7,1601.6
FUL301538,2025-09-19,CAR419,41.6,1034.81
FUL301539,2025-10-03,CAR419,34.1,805.85
FUL301540,2025-07-11,CAR420,69.1,1578.54
FUL301541,2025-07-25,CAR420,60.1,1346.86
FUL301542,2025-08-08,CAR420,34.0,758.26
FUL301543,2025-08-22,CAR420,43.2,1074.84
FUL301544,2025-09-05,CAR420,49.5,1110.77
FUL301545,2025-09-19,CAR420,42.6,968.71
FUL301546,2025-10-03,CAR420,50.0,1100.07
FUL301547,2025-07-11,CAR421,32.0,730.18
FUL301548,2025-07-25,CAR421,56.2,1449.35
FUL301549,2025-08-08,CAR421,68.7,1633.76
FUL301550,2025-08-22,CAR421,35.3,900.45
FUL301551,2025-09-05,CAR421,43.9,976.04
FUL301552,2025-09-19,CAR421,66.6,1540.9
FUL301553,2025-10-03,CAR421,64.2,1455.09
FUL301554,2025-07-11,CAR422,62.1,1611.37
FUL301555,2025-07-25,CAR422,62.8,1580.66
FUL301556,2025-08-08,CAR422,32.4,731.05
FUL301557,2025-08-22,CAR422,44.9,1063.6
FUL301558,2025-09-05,CAR422,38.1,987.41
FUL301559,2025-09-19,CAR422,49.2,1252.69
FUL301560,2025-10-03,CAR422,52.9,1301.92
FUL301561,2025-07-11,CAR423,36.5,846.26
FUL301562,2025-07-25,CAR423,46.2,1134.91
FUL301563,2025-08-08,CAR423,69.2,1768.74
FUL301564,2025-08-22,CAR423,41.2,1007.58
FUL301565,2025-09-05,CAR423,30.3,682.98
FUL301566,2025-09-19,CAR423,44.8,1145.81
FUL301567,2025-10-03,CAR423,58.2,1410.77
FUL301568,2025-07-11,CAR424,49.9,1211.42
FUL301569,2025-07-25,CAR424,34.9,807.79
FUL301570,2025-08-08,CAR424,49.2,1119.76
FUL301571,2025-08-22,CAR424,62.5,1434.64
FUL301572,2025-09-05,CAR424,47.1,1217.14
FUL301573,2025-09-19,CAR424,50.0,1263.5
FUL301574,2025-10-03,CAR424,34.5,856.45
FUL301575,2025-07-11,CAR425,61.7,1456.71
FUL301576,2025-07-25,CAR425,63.5,1617.28
FUL301577,2025-08-08,CAR425,31.2,789.6
FUL301578,2025-08-22,CAR425,50.5,1280.6
FUL301579,2025-09-05,CAR425,49.7,1096.6
FUL301580,2025-09-19,CAR425,42.4,1072.15
FUL301581,2025-10-03,CAR425,54.4,1211.75
FUL301582,2025-07-11,CAR426,47.6,1163.81
FUL301583,2025-07-25,CAR426,59.2,1386.86
FUL301584,2025-08-08,CAR426,41.2,1014.05
FUL301585,2025-08-22,CAR426,60.6,1488.9
FUL301586,2025-09-05,CAR426,69.4,1674.26
FUL301587,2025-09-19,CAR426,34.4,771.32
FUL301588,2025-10-03,CAR426,35.6,860.27
FUL301589,2025-07-11,CAR427,31.2,698.61
FUL301590,2025-07-25,CAR427,34.9,794.41
FUL301591,2025-08-08,CAR427,54.4,1350.96
FUL301592,2025-08-22,CAR427,46.3,1172.28
FUL301593,2025-09-05,CAR427,45.2,1064.6
FUL301594,2025-09-19,CAR427,39.5,978.6
FUL301595,2025-10-03,CAR427,62.4,1470.33
FUL301596,2025-07-11,CAR428,42.2,984.54
FUL301597,2025-07-25,CAR428,51.2,1258.03
FUL301598,2025-08-08,CAR428,46.0,1170.19
FUL301599,2025-08-22,CAR428,34.6,765.8
FUL301600,2025-09-05,CAR428,46.7,1154.69
FUL301601,2025-09-19,CAR428,45.5,1078.32
FUL301602,2025-10-03,CAR428,69.6,1533.2
FUL301603,2025-07-11,CAR429,67.8,1614.2
FUL301604,2025-07-25,CAR429,33.6,764.4
FUL301605,2025-08-08,CAR429,32.3,758.85
FUL301606,2025-08-22,CAR429,67.3,1648.1
FUL301607,2025-09-05,CAR429,67.5,1566.9
FUL301608,2025-09-19,CAR429,55.1,1376.9
FUL301609,2025-10-03,CAR429,40.6,899.06
FUL301610,2025-07-11,CAR430,63.3,1401.65
FUL301611,2025-07-25,CAR430,30.4,694.24
FUL301612,2025-08-08,CAR430,48.0,1136.65
FUL301613,2025-08-22,CAR430,34.3,811.75
FUL301614,2025-09-05,CAR430,49.5,1093.36
FUL301615,2025-09-19,CAR430,32.8,752.72
FUL301616,2025-10-03,CAR430,66.2,1477.83
FUL301617,2025-07-11,CAR431,61.0,1371.01
FUL301618,2025-07-25,CAR431,48.9,1140.38
FUL301619,2025-08-08,CAR431,64.3,1564.88
FUL301620,2025-08-22,CAR431,42.0,954.27
FUL301621,2025-09-05,CAR431,41.6,931.29
FUL301622,2025-09-19,CAR431,43.6,1093.92
FUL301623,2025-10-03,CAR431,54.4,1219.19
FUL301624,2025-07-11,CAR432,30.5,779.9
FUL301625,2025-07-25,CAR432,69.6,1766.57
FUL301626,2025-08-08,CAR432,60.1,1352.56
FUL301627,2025-08-22,CAR432,65.7,1659.48
FUL301628,2025-09-05,CAR432,37.6,907.7
FUL301629,2025-09-19,CAR432,53.2,1344.02
FUL301630,2025-10-03,CAR432,66.6,1701.32
FUL301631,2025-07-11,CAR433,57.0,1347.99
FUL301632,2025-07-25,CAR433,56.4,1263.38
FUL301633,2025-08-08,CAR433,50.2,1216.39
FUL301634,2025-08-22,CAR433,47.7,1133.61
FUL301635,2025-09-05,CAR433,67.9,1642.57
FUL301636,2025-09-19,CAR433,52.2,1224.65
FUL301637,2025-10-03,CAR433,48.0,1151.51
FUL301638,2025-07-11,CAR434,68.2,1635.82
FUL301639,2025-07-25,CAR434,66.2,1668.1
FUL301640,2025-08-08,CAR434,38.6,1001.02
FUL301641,2025-08-22,CAR434,64.8,1683.39
FUL301642,2025-09-05,CAR434,64.3,1562.14
FUL301643,2025-09-19,CAR434,63.2,1395.1
FUL301644,2025-10-03,CAR434,37.3,870.41
FUL301645,2025-07-11,CAR435,43.2,1004.51
FUL301646,2025-07-25,CAR435,59.8,1512.93
FUL301647,2025-08-08,CAR435,39.4,981.97
FUL301648,2025-08-22,CAR435,30.3,749.9
FUL301649,2025-09-05,CAR435,57.3,1355.2
FUL301650,2025-09-19,CAR435,42.0,1011.58
FUL301651,2025-10-03,CAR435,64.6,1584.17
FUL301652,2025-07-11,CAR436,65.9,1594.55
FUL301653,2025-07-25,CAR436,36.2,936.26
FUL301654,2025-08-08,CAR436,31.7,767.46
FUL301655,2025-08-22,CAR436,41.8,929.39
FUL301656,2025-09-05,CAR436,42.3,1087.27
FUL301657,2025-09-19,CAR436,68.9,1622.08
FUL301658,2025-10-03,CAR436,56.4,1461.86
FUL301659,2025-07-11,CAR437,64.6,1663.49
FUL301660,2025-07-25,CAR437,54.8,1359.51
FUL301661,2025-08-08,CAR437,52.0,1322.8
FUL301662,2025-08-22,CAR437,58.0,1319.59
FUL301663,2025-09-05,CAR437,44.1,1047.76
FUL301664,2025-09-19,CAR437,68.5,1611.33
FUL301665,2025-10-03,CAR437,46.2,1081.29
FUL301666,2025-07-11,CAR438,39.2,925.29
FUL301667,2025-07-25,CAR438,32.9,750.73
FUL301668,2025-08-08,CAR438,31.0,693.81
FUL301669,2025-08-22,CAR438,32.1,813.78
FUL301670,2025-09-05,CAR438,67.6,1534.79
FUL301671,2025-09-19,CAR438,51.3,1217.33
FUL301672,2025-10-03,CAR438,36.6,868.74
FUL301673,2025-07-11,CAR439,60.3,1522.4
FUL301674,2025-07-25,CAR439,40.8,972.01
FUL301675,2025-08-08,CAR439,31.9,714.55
FUL301676,2025-08-22,CAR439,59.1,1308.2
FUL301677,2025-09-05,CAR439,32.6,770.57
FUL301678,2025-09-19,CAR439,62.2,1592.9
FUL301679,2025-10-03,CAR439,55.9,1229.84
